0 verbose cli C:\Program Files\nodejs\node.exe C:\Program Files\nodejs\node_modules\npm\bin\npm-cli.js
1 info using npm@11.13.0
2 info using node@v24.16.0
3 silly config load:file:C:\Program Files\nodejs\node_modules\npm\npmrc
4 silly config load:file:C:\Users\Kunai\Documents\Codex\2026-09-13\i-w\outputs\merch-ensamr\.npmrc
5 silly config load:file:C:\Users\Kunai\.npmrc
6 silly config load:file:C:\Users\Kunai\AppData\Roaming\npm\etc\npmrc
7 verbose title npm exec vercel@latest --version
8 verbose argv "exec" "--yes" "--" "vercel@latest" "--version"
9 verbose logfile logs-max:10 dir:C:\Users\Kunai\Documents\Codex\2026-09-13\i-w\outputs\merch-ensamr\.npm-cache-vercel\_logs\2026-09-15T20_00_12_015Z-
10 verbose logfile C:\Users\Kunai\Documents\Codex\2026-09-13\i-w\outputs\merch-ensamr\.npm-cache-vercel\_logs\2026-09-15T20_00_12_015Z-debug-0.log
11 silly logfile done cleaning log files
12 silly packumentCache heap:4496293888 maxSize:1124073472 maxEntrySize:562036736
13 verbose shrinkwrap failed to load node_modules/.package-lock.json out of date, updated: node_modules
14 http fetch GET 200 https://registry.npmjs.org/npm 707ms
15 http fetch GET 200 https://registry.npmjs.org/vercel 461ms (cache miss)
16 silly packumentCache heap:4496293888 maxSize:1124073472 maxEntrySize:562036736
17 silly packumentCache heap:4496293888 maxSize:1124073472 maxEntrySize:562036736
18 silly idealTree buildDeps
19 silly fetch manifest vercel@59.17.0
20 silly packumentCache full:https://registry.npmjs.org/vercel cache-miss
21 http fetch GET 200 https://registry.npmjs.org/vercel 224ms (cache miss)
22 silly packumentCache full:https://registry.npmjs.org/vercel set size:undefined disposed:false
23 silly placeDep ROOT vercel@59.17.0 OK for:  want: 59.17.0
24 silly fetch manifest zod@4.1.11
25 silly packumentCache full:https://registry.npmjs.org/zod cache-miss
26 silly fetch manifest jose@5.9.6
27 silly packumentCache full:https://registry.npmjs.org/jose cache-miss
28 silly fetch manifest uuid@14.0.1
29 silly packumentCache full:https://registry.npmjs.org/uuid cache-miss
30 silly fetch manifest luxon@^3.4.0
31 silly packumentCache full:https://registry.npmjs.org/luxon cache-miss
32 silly fetch manifest undici@5.29.0
33 silly packumentCache full:https://registry.npmjs.org/undici cache-miss
34 silly fetch manifest esbuild@0.27.0
35 silly packumentCache full:https://registry.npmjs.org/esbuild cache-miss
36 silly fetch manifest sandbox@4.1.0
37 silly packumentCache full:https://registry.npmjs.org/sandbox cache-miss
38 silly fetch manifest chokidar@4.0.0
39 silly packumentCache full:https://registry.npmjs.org/chokidar cache-miss
40 silly fetch manifest smol-toml@1.5.2
41 silly packumentCache full:https://registry.npmjs.org/smol-toml cache-miss
42 silly fetch manifest @vercel/go@11.0.1
43 silly packumentCache full:https://registry.npmjs.org/@vercel%2fgo cache-miss
44 silly fetch manifest @vercel/h3@8.0.1
45 silly packumentCache full:https://registry.npmjs.org/@vercel%2fh3 cache-miss
46 http fetch GET 200 https://registry.npmjs.org/jose 108ms (cache miss)
47 silly packumentCache full:https://registry.npmjs.org/jose set size:undefined disposed:false
48 silly fetch manifest @vercel/fun@1.3.0
49 silly packumentCache full:https://registry.npmjs.org/@vercel%2ffun cache-miss
50 http fetch GET 200 https://registry.npmjs.org/zod 166ms (cache miss)
51 silly packumentCache full:https://registry.npmjs.org/zod set size:undefined disposed:false
52 silly fetch manifest @vercel/koa@8.0.1
53 silly packumentCache full:https://registry.npmjs.org/@vercel%2fkoa cache-miss
54 http fetch GET 200 https://registry.npmjs.org/uuid 266ms (cache miss)
55 silly packumentCache full:https://registry.npmjs.org/uuid set size:undefined disposed:false
56 silly fetch manifest @vercel/blob@2.8.0
57 silly packumentCache full:https://registry.npmjs.org/@vercel%2fblob cache-miss
58 http fetch GET 200 https://registry.npmjs.org/sandbox 280ms (cache miss)
59 silly packumentCache full:https://registry.npmjs.org/sandbox set size:undefined disposed:false
60 silly fetch manifest @vercel/hono@8.0.1
61 silly packumentCache full:https://registry.npmjs.org/@vercel%2fhono cache-miss
62 http fetch GET 200 https://registry.npmjs.org/smol-toml 282ms (cache miss)
63 silly packumentCache full:https://registry.npmjs.org/smol-toml set size:undefined disposed:false
64 silly fetch manifest @vercel/next@12.0.1
65 silly packumentCache full:https://registry.npmjs.org/@vercel%2fnext cache-miss
66 http fetch GET 200 https://registry.npmjs.org/chokidar 294ms (cache miss)
67 silly packumentCache full:https://registry.npmjs.org/chokidar set size:undefined disposed:false
68 silly fetch manifest @vercel/node@13.0.1
69 silly packumentCache full:https://registry.npmjs.org/@vercel%2fnode cache-miss
70 http fetch GET 200 https://registry.npmjs.org/@vercel%2fkoa 122ms (cache miss)
71 silly packumentCache full:https://registry.npmjs.org/@vercel%2fkoa set size:undefined disposed:false
72 silly fetch manifest @vercel/ruby@10.0.1
73 silly packumentCache full:https://registry.npmjs.org/@vercel%2fruby cache-miss
74 http fetch GET 200 https://registry.npmjs.org/@vercel%2fh3 313ms (cache miss)
75 silly packumentCache full:https://registry.npmjs.org/@vercel%2fh3 set size:undefined disposed:false
76 silly fetch manifest @vercel/rust@9.0.1
77 silly packumentCache full:https://registry.npmjs.org/@vercel%2frust cache-miss
78 http fetch GET 200 https://registry.npmjs.org/luxon 332ms (cache miss)
79 silly packumentCache full:https://registry.npmjs.org/luxon set size:undefined disposed:false
80 silly fetch manifest jsonc-parser@3.3.1
81 silly packumentCache full:https://registry.npmjs.org/jsonc-parser cache-miss
82 http fetch GET 200 https://registry.npmjs.org/undici 365ms (cache miss)
83 silly packumentCache full:https://registry.npmjs.org/undici set size:undefined disposed:false
84 silly fetch manifest @vercel/elysia@8.0.1
85 silly packumentCache full:https://registry.npmjs.org/@vercel%2felysia cache-miss
86 http fetch GET 200 https://registry.npmjs.org/@vercel%2fhono 103ms (cache miss)
87 silly packumentCache full:https://registry.npmjs.org/@vercel%2fhono set size:undefined disposed:false
88 silly fetch manifest @vercel/nestjs@8.0.1
89 silly packumentCache full:https://registry.npmjs.org/@vercel%2fnestjs cache-miss
90 http fetch GET 200 https://registry.npmjs.org/@vercel%2fblob 131ms (cache miss)
91 silly packumentCache full:https://registry.npmjs.org/@vercel%2fblob set size:undefined disposed:false
92 silly fetch manifest @vercel/python@14.1.0
93 silly packumentCache full:https://registry.npmjs.org/@vercel%2fpython cache-miss
94 http fetch GET 200 https://registry.npmjs.org/@vercel%2fgo 432ms (cache miss)
95 silly packumentCache full:https://registry.npmjs.org/@vercel%2fgo set size:undefined disposed:false
96 silly fetch manifest @vercel/express@8.0.1
97 silly packumentCache full:https://registry.npmjs.org/@vercel%2fexpress cache-miss
98 http fetch GET 200 https://registry.npmjs.org/esbuild 452ms (cache miss)
99 silly packumentCache full:https://registry.npmjs.org/esbuild set size:undefined disposed:false
100 silly fetch manifest @vercel/fastify@8.0.1
101 silly packumentCache full:https://registry.npmjs.org/@vercel%2ffastify cache-miss
102 http fetch GET 200 https://registry.npmjs.org/@vercel%2frust 145ms (cache miss)
103 silly packumentCache full:https://registry.npmjs.org/@vercel%2frust set size:undefined disposed:false
104 silly fetch manifest @vercel/redwood@10.0.1
105 silly packumentCache full:https://registry.npmjs.org/@vercel%2fredwood cache-miss
106 http fetch GET 200 https://registry.npmjs.org/@vercel%2felysia 99ms (cache miss)
107 silly packumentCache full:https://registry.npmjs.org/@vercel%2felysia set size:undefined disposed:false
108 silly fetch manifest @vercel/backends@8.0.1
109 silly packumentCache full:https://registry.npmjs.org/@vercel%2fbackends cache-miss
110 http fetch GET 200 https://registry.npmjs.org/@vercel%2fnestjs 146ms (cache miss)
111 silly packumentCache full:https://registry.npmjs.org/@vercel%2fnestjs set size:undefined disposed:false
112 silly fetch manifest @vercel/cli-auth@0.3.7
113 silly packumentCache full:https://registry.npmjs.org/@vercel%2fcli-auth cache-miss
114 http fetch GET 200 https://registry.npmjs.org/@vercel%2fexpress 111ms (cache miss)
115 silly packumentCache full:https://registry.npmjs.org/@vercel%2fexpress set size:undefined disposed:false
116 silly fetch manifest @vercel/hydrogen@9.0.1
117 silly packumentCache full:https://registry.npmjs.org/@vercel%2fhydrogen cache-miss
118 http fetch GET 200 https://registry.npmjs.org/@vercel%2fnode 258ms (cache miss)
119 silly packumentCache full:https://registry.npmjs.org/@vercel%2fnode set size:undefined disposed:false
120 silly fetch manifest @vercel/container@8.1.0
121 silly packumentCache full:https://registry.npmjs.org/@vercel%2fcontainer cache-miss
122 http fetch GET 200 https://registry.npmjs.org/@vercel%2fpython 184ms (cache miss)
123 silly packumentCache full:https://registry.npmjs.org/@vercel%2fpython set size:undefined disposed:false
124 silly fetch manifest @vercel/cli-config@0.2.6
125 silly packumentCache full:https://registry.npmjs.org/@vercel%2fcli-config cache-miss
126 http fetch GET 200 https://registry.npmjs.org/@vercel%2ffun 506ms (cache miss)
127 silly packumentCache full:https://registry.npmjs.org/@vercel%2ffun set size:undefined disposed:false
128 silly fetch manifest @vercel/build-utils@14.10.1
129 silly packumentCache full:https://registry.npmjs.org/@vercel%2fbuild-utils cache-miss
130 http fetch GET 200 https://registry.npmjs.org/@vercel%2ffastify 170ms (cache miss)
131 silly packumentCache full:https://registry.npmjs.org/@vercel%2ffastify set size:undefined disposed:false
132 silly fetch manifest @vercel/detect-agent@1.2.5
133 silly packumentCache full:https://registry.npmjs.org/@vercel%2fdetect-agent cache-miss
134 http fetch GET 200 https://registry.npmjs.org/@vercel%2fbackends 167ms (cache miss)
135 silly packumentCache full:https://registry.npmjs.org/@vercel%2fbackends set size:undefined disposed:false
136 silly fetch manifest @vercel/static-build@10.0.1
137 silly packumentCache full:https://registry.npmjs.org/@vercel%2fstatic-build cache-miss
138 http fetch GET 200 https://registry.npmjs.org/@vercel%2fcontainer 94ms (cache miss)
139 silly packumentCache full:https://registry.npmjs.org/@vercel%2fcontainer set size:undefined disposed:false
140 silly fetch manifest @vercel/remix-builder@13.0.1
141 silly packumentCache full:https://registry.npmjs.org/@vercel%2fremix-builder cache-miss
142 http fetch GET 200 https://registry.npmjs.org/@vercel%2fhydrogen 114ms (cache miss)
143 silly packumentCache full:https://registry.npmjs.org/@vercel%2fhydrogen set size:undefined disposed:false
144 silly fetch manifest @vercel/python-analysis@0.14.0
145 silly packumentCache full:https://registry.npmjs.org/@vercel%2fpython-analysis cache-miss
146 http fetch GET 200 https://registry.npmjs.org/@vercel%2fruby 363ms (cache miss)
147 silly packumentCache full:https://registry.npmjs.org/@vercel%2fruby set size:undefined disposed:false
148 silly fetch manifest @vercel/prepare-flags-definitions@0.3.0
149 silly packumentCache full:https://registry.npmjs.org/@vercel%2fprepare-flags-definitions cache-miss
150 http fetch GET 200 https://registry.npmjs.org/@vercel%2fredwood 217ms (cache miss)
151 silly packumentCache full:https://registry.npmjs.org/@vercel%2fredwood set size:undefined disposed:false
152 silly fetch manifest @vercel/vc-native-linux-x64@59.17.0
153 silly packumentCache full:https://registry.npmjs.org/@vercel%2fvc-native-linux-x64 cache-miss
154 http fetch GET 200 https://registry.npmjs.org/@vercel%2fnext 417ms (cache miss)
155 silly packumentCache full:https://registry.npmjs.org/@vercel%2fnext set size:undefined disposed:false
156 silly fetch manifest @vercel/vc-native-darwin-x64@59.17.0
157 silly packumentCache full:https://registry.npmjs.org/@vercel%2fvc-native-darwin-x64 cache-miss
158 http fetch GET 200 https://registry.npmjs.org/@vercel%2fdetect-agent 85ms (cache miss)
159 silly packumentCache full:https://registry.npmjs.org/@vercel%2fdetect-agent set size:undefined disposed:false
160 silly fetch manifest @vercel/vc-native-linux-arm64@59.17.0
161 silly packumentCache full:https://registry.npmjs.org/@vercel%2fvc-native-linux-arm64 cache-miss
162 http fetch GET 200 https://registry.npmjs.org/@vercel%2fcli-config 118ms (cache miss)
163 silly packumentCache full:https://registry.npmjs.org/@vercel%2fcli-config set size:undefined disposed:false
164 silly fetch manifest @vercel/vc-native-darwin-arm64@59.17.0
165 silly packumentCache full:https://registry.npmjs.org/@vercel%2fvc-native-darwin-arm64 cache-miss
166 http fetch GET 200 https://registry.npmjs.org/@vercel%2fremix-builder 99ms (cache miss)
167 silly packumentCache full:https://registry.npmjs.org/@vercel%2fremix-builder set size:undefined disposed:false
168 http fetch GET 200 https://registry.npmjs.org/@vercel%2fstatic-build 150ms (cache miss)
169 silly packumentCache full:https://registry.npmjs.org/@vercel%2fstatic-build set size:undefined disposed:false
170 http fetch GET 200 https://registry.npmjs.org/@vercel%2fvc-native-linux-x64 129ms (cache miss)
171 silly packumentCache full:https://registry.npmjs.org/@vercel%2fvc-native-linux-x64 set size:undefined disposed:false
172 http fetch GET 200 https://registry.npmjs.org/@vercel%2fvc-native-darwin-x64 106ms (cache miss)
173 silly packumentCache full:https://registry.npmjs.org/@vercel%2fvc-native-darwin-x64 set size:undefined disposed:false
174 http fetch GET 200 https://registry.npmjs.org/@vercel%2fvc-native-linux-arm64 104ms (cache miss)
175 silly packumentCache full:https://registry.npmjs.org/@vercel%2fvc-native-linux-arm64 set size:undefined disposed:false
176 http fetch GET 200 https://registry.npmjs.org/@vercel%2fbuild-utils 205ms (cache miss)
177 silly packumentCache full:https://registry.npmjs.org/@vercel%2fbuild-utils set size:undefined disposed:false
178 http fetch GET 200 https://registry.npmjs.org/@vercel%2fcli-auth 305ms (cache miss)
179 silly packumentCache full:https://registry.npmjs.org/@vercel%2fcli-auth set size:undefined disposed:false
180 http fetch GET 200 https://registry.npmjs.org/jsonc-parser 651ms (cache miss)
181 silly packumentCache full:https://registry.npmjs.org/jsonc-parser set size:undefined disposed:false
182 http fetch GET 200 https://registry.npmjs.org/@vercel%2fprepare-flags-definitions 418ms (cache miss)
183 silly packumentCache full:https://registry.npmjs.org/@vercel%2fprepare-flags-definitions set size:undefined disposed:false
184 http fetch GET 200 https://registry.npmjs.org/@vercel%2fpython-analysis 595ms (cache miss)
185 silly packumentCache full:https://registry.npmjs.org/@vercel%2fpython-analysis set size:undefined disposed:false
186 http fetch GET 200 https://registry.npmjs.org/@vercel%2fvc-native-darwin-arm64 547ms (cache miss)
187 silly packumentCache full:https://registry.npmjs.org/@vercel%2fvc-native-darwin-arm64 set size:undefined disposed:false
188 silly placeDep ROOT @vercel/backends@8.0.1 OK for: vercel@59.17.0 want: 8.0.1
189 silly placeDep ROOT @vercel/build-utils@14.10.1 OK for: @vercel/backends@8.0.1 want: 14.10.1
190 silly placeDep ROOT @vercel/blob@2.8.0 OK for: vercel@59.17.0 want: 2.8.0
191 silly placeDep ROOT @vercel/cli-auth@0.3.7 OK for: vercel@59.17.0 want: 0.3.7
192 silly placeDep ROOT @vercel/cli-config@0.2.6 OK for: vercel@59.17.0 want: 0.2.6
193 silly placeDep ROOT @vercel/container@8.1.0 OK for: vercel@59.17.0 want: 8.1.0
194 silly placeDep ROOT @vercel/detect-agent@1.2.5 OK for: vercel@59.17.0 want: 1.2.5
195 silly placeDep ROOT @vercel/elysia@8.0.1 OK for: vercel@59.17.0 want: 8.0.1
196 silly placeDep ROOT @vercel/express@8.0.1 OK for: vercel@59.17.0 want: 8.0.1
197 silly placeDep ROOT @vercel/fastify@8.0.1 OK for: vercel@59.17.0 want: 8.0.1
198 silly placeDep ROOT @vercel/fun@1.3.0 OK for: vercel@59.17.0 want: 1.3.0
199 silly placeDep ROOT @vercel/go@11.0.1 OK for: vercel@59.17.0 want: 11.0.1
200 silly placeDep ROOT @vercel/h3@8.0.1 OK for: vercel@59.17.0 want: 8.0.1
201 silly placeDep ROOT @vercel/hono@8.0.1 OK for: vercel@59.17.0 want: 8.0.1
202 silly placeDep ROOT @vercel/hydrogen@9.0.1 OK for: vercel@59.17.0 want: 9.0.1
203 silly placeDep ROOT @vercel/koa@8.0.1 OK for: vercel@59.17.0 want: 8.0.1
204 silly placeDep ROOT @vercel/nestjs@8.0.1 OK for: vercel@59.17.0 want: 8.0.1
205 silly placeDep ROOT @vercel/next@12.0.1 OK for: vercel@59.17.0 want: 12.0.1
206 silly placeDep ROOT @vercel/node@13.0.1 OK for: vercel@59.17.0 want: 13.0.1
207 silly placeDep ROOT @vercel/prepare-flags-definitions@0.3.0 OK for: vercel@59.17.0 want: 0.3.0
208 silly placeDep ROOT @vercel/python@14.1.0 OK for: vercel@59.17.0 want: 14.1.0
209 silly placeDep ROOT @vercel/python-analysis@0.14.0 OK for: vercel@59.17.0 want: 0.14.0
210 silly placeDep ROOT @vercel/redwood@10.0.1 OK for: vercel@59.17.0 want: 10.0.1
211 silly placeDep ROOT @vercel/remix-builder@13.0.1 OK for: vercel@59.17.0 want: 13.0.1
212 silly placeDep ROOT @vercel/ruby@10.0.1 OK for: vercel@59.17.0 want: 10.0.1
213 silly placeDep ROOT @vercel/rust@9.0.1 OK for: vercel@59.17.0 want: 9.0.1
214 silly placeDep ROOT @vercel/static-build@10.0.1 OK for: vercel@59.17.0 want: 10.0.1
215 silly placeDep ROOT @vercel/vc-native-darwin-arm64@59.17.0 OK for: vercel@59.17.0 want: 59.17.0
216 silly placeDep ROOT @vercel/vc-native-darwin-x64@59.17.0 OK for: vercel@59.17.0 want: 59.17.0
217 silly placeDep ROOT @vercel/vc-native-linux-arm64@59.17.0 OK for: vercel@59.17.0 want: 59.17.0
218 silly placeDep ROOT @vercel/vc-native-linux-x64@59.17.0 OK for: vercel@59.17.0 want: 59.17.0
219 silly placeDep ROOT chokidar@4.0.0 OK for: vercel@59.17.0 want: 4.0.0
220 silly placeDep ROOT esbuild@0.27.0 OK for: vercel@59.17.0 want: 0.27.0
221 silly placeDep ROOT jose@5.9.6 OK for: vercel@59.17.0 want: 5.9.6
222 silly placeDep ROOT jsonc-parser@3.3.1 OK for: vercel@59.17.0 want: 3.3.1
223 silly placeDep ROOT luxon@3.7.2 OK for: vercel@59.17.0 want: ^3.4.0
224 silly placeDep ROOT sandbox@4.1.0 OK for: vercel@59.17.0 want: 4.1.0
225 silly placeDep ROOT smol-toml@1.5.2 OK for: vercel@59.17.0 want: 1.5.2
226 silly placeDep ROOT undici@5.29.0 OK for: vercel@59.17.0 want: 5.29.0
227 silly placeDep ROOT uuid@14.0.1 OK for: vercel@59.17.0 want: 14.0.1
228 silly placeDep ROOT zod@4.1.11 OK for: vercel@59.17.0 want: 4.1.11
229 silly fetch manifest tsx@4.21.0
230 silly packumentCache full:https://registry.npmjs.org/tsx cache-miss
231 silly fetch manifest zod@3.22.4
232 silly packumentCache full:https://registry.npmjs.org/zod cache-miss
233 silly fetch manifest srvx@0.11.16
234 silly packumentCache full:https://registry.npmjs.org/srvx cache-miss
235 silly fetch manifest execa@3.2.0
236 silly packumentCache full:https://registry.npmjs.org/execa cache-miss
237 silly fetch manifest fs-extra@11.1.0
238 silly packumentCache full:https://registry.npmjs.org/fs-extra cache-miss
239 silly fetch manifest get-port@5.1.1
240 silly packumentCache full:https://registry.npmjs.org/get-port cache-miss
241 silly fetch manifest rolldown@1.0.0-rc.1
242 silly packumentCache full:https://registry.npmjs.org/rolldown cache-miss
243 silly fetch manifest ts-morph@12.0.0
244 silly packumentCache full:https://registry.npmjs.org/ts-morph cache-miss
245 silly fetch manifest @vercel/nft@1.10.0
246 silly packumentCache full:https://registry.npmjs.org/@vercel%2fnft cache-miss
247 silly fetch manifest oxc-transform@0.111.0
248 silly packumentCache full:https://registry.npmjs.org/oxc-transform cache-miss
249 silly fetch manifest path-to-regexp@8.3.0
250 silly packumentCache full:https://registry.npmjs.org/path-to-regexp cache-miss
251 http cache https://registry.npmjs.org/zod 21ms (cache hit)
252 silly packumentCache full:https://registry.npmjs.org/zod set size:4166672 disposed:false
253 silly fetch manifest resolve.exports@2.0.3
254 silly packumentCache full:https://registry.npmjs.org/resolve.exports cache-miss
255 http fetch GET 200 https://registry.npmjs.org/srvx 76ms (cache miss)
256 silly packumentCache full:https://registry.npmjs.org/srvx set size:undefined disposed:false
257 silly fetch manifest @vercel/static-config@3.4.3
258 silly packumentCache full:https://registry.npmjs.org/@vercel%2fstatic-config cache-miss
259 http fetch GET 200 https://registry.npmjs.org/execa 98ms (cache miss)
260 silly packumentCache full:https://registry.npmjs.org/execa set size:undefined disposed:false
261 silly fetch manifest es-module-lexer@1.5.0
262 silly packumentCache full:https://registry.npmjs.org/es-module-lexer cache-miss
263 http fetch GET 200 https://registry.npmjs.org/path-to-regexp 101ms (cache miss)
264 silly packumentCache full:https://registry.npmjs.org/path-to-regexp set size:undefined disposed:false
265 silly fetch manifest cjs-module-lexer@1.2.3
266 silly packumentCache full:https://registry.npmjs.org/cjs-module-lexer cache-miss
267 http fetch GET 200 https://registry.npmjs.org/tsx 107ms (cache miss)
268 silly packumentCache full:https://registry.npmjs.org/tsx set size:undefined disposed:false
269 silly fetch manifest undici@^6.23.0
270 silly packumentCache full:https://registry.npmjs.org/undici cache-miss
271 http fetch GET 200 https://registry.npmjs.org/get-port 111ms (cache miss)
272 silly packumentCache full:https://registry.npmjs.org/get-port set size:undefined disposed:false
273 silly fetch manifest is-buffer@^2.0.5
274 silly packumentCache full:https://registry.npmjs.org/is-buffer cache-miss
275 http cache https://registry.npmjs.org/undici 15ms (cache hit)
276 silly packumentCache full:https://registry.npmjs.org/undici set size:1524672 disposed:false
277 silly fetch manifest throttleit@^2.1.0
278 silly packumentCache full:https://registry.npmjs.org/throttleit cache-miss
279 http fetch GET 200 https://registry.npmjs.org/ts-morph 142ms (cache miss)
280 silly packumentCache full:https://registry.npmjs.org/ts-morph set size:undefined disposed:false
281 silly fetch manifest async-retry@^1.3.3
282 silly packumentCache full:https://registry.npmjs.org/async-retry cache-miss
283 http fetch GET 200 https://registry.npmjs.org/oxc-transform 149ms (cache miss)
284 silly packumentCache full:https://registry.npmjs.org/oxc-transform set size:undefined disposed:false
285 silly fetch manifest @vercel/oidc@^3.6.1
286 silly packumentCache full:https://registry.npmjs.org/@vercel%2foidc cache-miss
287 http fetch GET 200 https://registry.npmjs.org/fs-extra 154ms (cache miss)
288 silly packumentCache full:https://registry.npmjs.org/fs-extra set size:undefined disposed:false
289 silly fetch manifest is-node-process@^1.2.0
290 silly packumentCache full:https://registry.npmjs.org/is-node-process cache-miss
291 http fetch GET 200 https://registry.npmjs.org/resolve.exports 119ms (cache miss)
292 silly packumentCache full:https://registry.npmjs.org/resolve.exports set size:undefined disposed:false
293 silly fetch manifest open@8.4.0
294 silly packumentCache full:https://registry.npmjs.org/open cache-miss
295 http fetch GET 200 https://registry.npmjs.org/@vercel%2fstatic-config 89ms (cache miss)
296 silly packumentCache full:https://registry.npmjs.org/@vercel%2fstatic-config set size:undefined disposed:false
297 silly fetch manifest async-listen@3.0.0
298 silly packumentCache full:https://registry.npmjs.org/async-listen cache-miss
299 http fetch GET 200 https://registry.npmjs.org/@vercel%2fnft 173ms (cache miss)
300 silly packumentCache full:https://registry.npmjs.org/@vercel%2fnft set size:undefined disposed:false
301 silly fetch manifest @napi-rs/keyring@1.2.0
302 silly packumentCache full:https://registry.npmjs.org/@napi-rs%2fkeyring cache-miss
303 http fetch GET 200 https://registry.npmjs.org/is-buffer 75ms (cache miss)
304 silly packumentCache full:https://registry.npmjs.org/is-buffer set size:undefined disposed:false
305 silly fetch manifest xdg-app-paths@5
306 silly packumentCache full:https://registry.npmjs.org/xdg-app-paths cache-miss
307 http fetch GET 200 https://registry.npmjs.org/es-module-lexer 91ms (cache miss)
308 silly packumentCache full:https://registry.npmjs.org/es-module-lexer set size:undefined disposed:false
309 silly fetch manifest tar@7.5.11
310 silly packumentCache full:https://registry.npmjs.org/tar cache-miss
311 http fetch GET 200 https://registry.npmjs.org/async-retry 58ms (cache miss)
312 silly packumentCache full:https://registry.npmjs.org/async-retry set size:undefined disposed:false
313 silly fetch manifest @vercel/cervel@0.1.65
314 silly packumentCache full:https://registry.npmjs.org/@vercel%2fcervel cache-miss
315 http fetch GET 200 https://registry.npmjs.org/rolldown 214ms (cache miss)
316 silly packumentCache full:https://registry.npmjs.org/rolldown set size:undefined disposed:false
317 silly fetch manifest ms@2.1.1
318 silly packumentCache full:https://registry.npmjs.org/ms cache-miss
319 http fetch GET 200 https://registry.npmjs.org/async-listen 76ms (cache miss)
320 silly packumentCache full:https://registry.npmjs.org/async-listen set size:undefined disposed:false
321 silly fetch manifest tar@7.5.7
322 silly packumentCache full:https://registry.npmjs.org/tar cache-miss
323 http fetch GET 200 https://registry.npmjs.org/open 87ms (cache miss)
324 silly packumentCache full:https://registry.npmjs.org/open set size:undefined disposed:false
325 silly fetch manifest debug@4.3.4
326 silly packumentCache full:https://registry.npmjs.org/debug cache-miss
327 http fetch GET 200 https://registry.npmjs.org/tar 88ms (cache miss)
328 silly packumentCache full:https://registry.npmjs.org/tar set size:undefined disposed:false
329 silly fetch manifest micro@9.3.5-canary.3
330 silly packumentCache full:https://registry.npmjs.org/micro cache-miss
331 http fetch GET 200 https://registry.npmjs.org/ms 58ms (cache miss)
332 silly packumentCache full:https://registry.npmjs.org/ms set size:undefined disposed:false
333 silly fetch manifest semver@7.5.4
334 silly packumentCache full:https://registry.npmjs.org/semver cache-miss
335 http fetch GET 200 https://registry.npmjs.org/debug 70ms (cache miss)
336 silly packumentCache full:https://registry.npmjs.org/debug set size:undefined disposed:false
337 silly fetch manifest tinyexec@0.3.2
338 silly packumentCache full:https://registry.npmjs.org/tinyexec cache-miss
339 http fetch GET 200 https://registry.npmjs.org/@vercel%2fcervel 126ms (cache miss)
340 silly packumentCache full:https://registry.npmjs.org/@vercel%2fcervel set size:undefined disposed:false
341 silly fetch manifest stat-mode@0.3.0
342 silly packumentCache full:https://registry.npmjs.org/stat-mode cache-miss
343 http fetch GET 200 https://registry.npmjs.org/tar 92ms (cache miss)
344 silly packumentCache full:https://registry.npmjs.org/tar set size:undefined disposed:false
345 silly fetch manifest tree-kill@1.2.2
346 silly packumentCache full:https://registry.npmjs.org/tree-kill cache-miss
347 http fetch GET 200 https://registry.npmjs.org/cjs-module-lexer 261ms (cache miss)
348 silly packumentCache full:https://registry.npmjs.org/cjs-module-lexer set size:undefined disposed:false
349 silly fetch manifest node-fetch@2.6.7
350 silly packumentCache full:https://registry.npmjs.org/node-fetch cache-miss
351 http fetch GET 200 https://registry.npmjs.org/semver 95ms (cache miss)
352 silly packumentCache full:https://registry.npmjs.org/semver set size:undefined disposed:false
353 silly fetch manifest promisepipe@3.0.0
354 silly packumentCache full:https://registry.npmjs.org/promisepipe cache-miss
355 http fetch GET 200 https://registry.npmjs.org/throttleit 263ms (cache miss)
356 silly packumentCache full:https://registry.npmjs.org/throttleit set size:undefined disposed:false
357 silly fetch manifest uid-promise@1.0.0
358 silly packumentCache full:https://registry.npmjs.org/uid-promise cache-miss
359 http fetch GET 200 https://registry.npmjs.org/stat-mode 65ms (cache miss)
360 silly packumentCache full:https://registry.npmjs.org/stat-mode set size:undefined disposed:false
361 silly fetch manifest async-listen@1.2.0
362 silly packumentCache full:https://registry.npmjs.org/async-listen cache-miss
363 http fetch GET 200 https://registry.npmjs.org/is-node-process 248ms (cache miss)
364 silly packumentCache full:https://registry.npmjs.org/is-node-process set size:undefined disposed:false
365 silly fetch manifest generic-pool@3.4.2
366 silly packumentCache full:https://registry.npmjs.org/generic-pool cache-miss
367 http cache https://registry.npmjs.org/async-listen 6ms (cache hit)
368 silly packumentCache full:https://registry.npmjs.org/async-listen set size:27933 disposed:false
369 silly fetch manifest xdg-app-paths@5.1.0
370 silly packumentCache full:https://registry.npmjs.org/xdg-app-paths cache-miss
371 http fetch GET 200 https://registry.npmjs.org/tree-kill 100ms (cache miss)
372 silly packumentCache full:https://registry.npmjs.org/tree-kill set size:undefined disposed:false
373 silly fetch manifest yauzl-promise@2.1.3
374 silly packumentCache full:https://registry.npmjs.org/yauzl-promise cache-miss
375 http fetch GET 200 https://registry.npmjs.org/xdg-app-paths 264ms (cache miss)
376 silly packumentCache full:https://registry.npmjs.org/xdg-app-paths set size:undefined disposed:false
377 silly fetch manifest path-to-regexp@8.2.0
378 silly packumentCache full:https://registry.npmjs.org/path-to-regexp cache-miss
379 http cache https://registry.npmjs.org/path-to-regexp 9ms (cache hit)
380 silly packumentCache full:https://registry.npmjs.org/path-to-regexp set size:216334 disposed:false
381 silly fetch manifest @tootallnate/once@2.0.0
382 silly packumentCache full:https://registry.npmjs.org/@tootallnate%2fonce cache-miss
383 http fetch GET 200 https://registry.npmjs.org/uid-promise 74ms (cache miss)
384 silly packumentCache full:https://registry.npmjs.org/uid-promise set size:undefined disposed:false
385 silly fetch manifest stream-to-promise@2.2.0
386 silly packumentCache full:https://registry.npmjs.org/stream-to-promise cache-miss
387 http fetch GET 200 https://registry.npmjs.org/@vercel%2foidc 323ms (cache miss)
388 silly packumentCache full:https://registry.npmjs.org/@vercel%2foidc set size:undefined disposed:false
389 silly fetch manifest etag@1.8.1
390 silly packumentCache full:https://registry.npmjs.org/etag cache-miss
391 http fetch GET 200 https://registry.npmjs.org/node-fetch 112ms (cache miss)
392 silly packumentCache full:https://registry.npmjs.org/node-fetch set size:undefined disposed:false
393 silly fetch manifest undici@5.28.4
394 silly packumentCache full:https://registry.npmjs.org/undici cache-miss
395 http cache https://registry.npmjs.org/undici 5ms (cache hit)
396 silly packumentCache full:https://registry.npmjs.org/undici set size:1524672 disposed:false
397 silly fetch manifest mime-types@2.1.35
398 silly packumentCache full:https://registry.npmjs.org/mime-types cache-miss
399 http fetch GET 200 https://registry.npmjs.org/@napi-rs%2fkeyring 334ms (cache miss)
400 silly packumentCache full:https://registry.npmjs.org/@napi-rs%2fkeyring set size:undefined disposed:false
401 silly fetch manifest node-fetch@2.6.9
402 silly packumentCache full:https://registry.npmjs.org/node-fetch cache-miss
403 http cache https://registry.npmjs.org/node-fetch 5ms (cache hit)
404 silly packumentCache full:https://registry.npmjs.org/node-fetch set size:896010 disposed:false
405 silly fetch manifest typescript@npm:typescript@5.9.3
406 silly packumentCache full:https://registry.npmjs.org/typescript cache-miss
407 http fetch GET 200 https://registry.npmjs.org/xdg-app-paths 123ms (cache miss)
408 silly packumentCache full:https://registry.npmjs.org/xdg-app-paths set size:undefined disposed:false
409 silly fetch manifest @types/node@20.11.0
410 silly packumentCache full:https://registry.npmjs.org/@types%2fnode cache-miss
411 http fetch GET 200 https://registry.npmjs.org/micro 254ms (cache miss)
412 silly packumentCache full:https://registry.npmjs.org/micro set size:undefined disposed:false
413 silly fetch manifest edge-runtime@2.5.9
414 silly packumentCache full:https://registry.npmjs.org/edge-runtime cache-miss
415 http fetch GET 200 https://registry.npmjs.org/@tootallnate%2fonce 85ms (cache miss)
416 silly packumentCache full:https://registry.npmjs.org/@tootallnate%2fonce set size:undefined disposed:false
417 silly fetch manifest path-to-regexp@6.1.0
418 silly packumentCache full:https://registry.npmjs.org/path-to-regexp cache-hit
419 silly fetch manifest es-module-lexer@1.4.1
420 silly packumentCache full:https://registry.npmjs.org/es-module-lexer cache-miss
421 http cache https://registry.npmjs.org/es-module-lexer 4ms (cache hit)
422 silly packumentCache full:https://registry.npmjs.org/es-module-lexer set size:230033 disposed:false
423 silly fetch manifest @edge-runtime/vm@3.2.0
424 silly packumentCache full:https://registry.npmjs.org/@edge-runtime%2fvm cache-miss
425 http fetch GET 200 https://registry.npmjs.org/etag 103ms (cache miss)
426 silly packumentCache full:https://registry.npmjs.org/etag set size:undefined disposed:false
427 silly fetch manifest @vercel/error-utils@2.2.1
428 silly packumentCache full:https://registry.npmjs.org/@vercel%2ferror-utils cache-miss
429 http fetch GET 200 https://registry.npmjs.org/mime-types 85ms (cache miss)
430 silly packumentCache full:https://registry.npmjs.org/mime-types set size:undefined disposed:false
431 silly fetch manifest path-to-regexp-updated@npm:path-to-regexp@6.3.0
432 silly packumentCache full:https://registry.npmjs.org/path-to-regexp cache-hit
433 silly fetch manifest @edge-runtime/node-utils@2.3.0
434 silly packumentCache full:https://registry.npmjs.org/@edge-runtime%2fnode-utils cache-miss
435 http fetch GET 200 https://registry.npmjs.org/edge-runtime 103ms (cache miss)
436 silly packumentCache full:https://registry.npmjs.org/edge-runtime set size:undefined disposed:false
437 silly fetch manifest @edge-runtime/primitives@4.1.0
438 silly packumentCache full:https://registry.npmjs.org/@edge-runtime%2fprimitives cache-miss
439 http fetch GET 200 https://registry.npmjs.org/generic-pool 256ms (cache miss)
440 silly packumentCache full:https://registry.npmjs.org/generic-pool set size:undefined disposed:false
441 silly fetch manifest js-yaml@4.1.1
442 silly packumentCache full:https://registry.npmjs.org/js-yaml cache-miss
443 http fetch GET 200 https://registry.npmjs.org/promisepipe 270ms (cache miss)
444 silly packumentCache full:https://registry.npmjs.org/promisepipe set size:undefined disposed:false
445 silly fetch manifest fs-extra@11.1.1
446 silly packumentCache full:https://registry.npmjs.org/fs-extra cache-miss
447 http cache https://registry.npmjs.org/fs-extra 5ms (cache hit)
448 silly packumentCache full:https://registry.npmjs.org/fs-extra set size:239581 disposed:false
449 silly fetch manifest minimatch@10.1.1
450 silly packumentCache full:https://registry.npmjs.org/minimatch cache-miss
451 http fetch GET 200 https://registry.npmjs.org/@vercel%2ferror-utils 111ms (cache miss)
452 silly packumentCache full:https://registry.npmjs.org/@vercel%2ferror-utils set size:undefined disposed:false
453 silly fetch manifest @renovatebot/pep440@4.2.1
454 silly packumentCache full:https://registry.npmjs.org/@renovatebot%2fpep440 cache-miss
455 http fetch GET 200 https://registry.npmjs.org/@edge-runtime%2fnode-utils 152ms (cache miss)
456 silly packumentCache full:https://registry.npmjs.org/@edge-runtime%2fnode-utils set size:undefined disposed:false
457 silly fetch manifest @bytecodealliance/preview2-shim@0.17.6
458 silly packumentCache full:https://registry.npmjs.org/@bytecodealliance%2fpreview2-shim cache-miss
459 http fetch GET 200 https://registry.npmjs.org/@edge-runtime%2fvm 182ms (cache miss)
460 silly packumentCache full:https://registry.npmjs.org/@edge-runtime%2fvm set size:undefined disposed:false
461 silly fetch manifest semver@6.3.1
462 silly packumentCache full:https://registry.npmjs.org/semver cache-miss
463 http cache https://registry.npmjs.org/semver 3ms (cache hit)
464 silly packumentCache full:https://registry.npmjs.org/semver set size:246128 disposed:false
465 silly fetch manifest execa@5
466 silly packumentCache full:https://registry.npmjs.org/execa cache-miss
467 http cache https://registry.npmjs.org/execa 9ms (cache hit)
468 silly packumentCache full:https://registry.npmjs.org/execa set size:188760 disposed:false
469 silly fetch manifest @vercel/gatsby-plugin-vercel-builder@2.2.57
470 silly packumentCache full:https://registry.npmjs.org/@vercel%2fgatsby-plugin-vercel-builder cache-miss
471 http fetch GET 200 https://registry.npmjs.org/tinyexec 445ms (cache miss)
472 silly packumentCache full:https://registry.npmjs.org/tinyexec set size:undefined disposed:false
473 silly fetch manifest @vercel/gatsby-plugin-vercel-analytics@1.0.12
474 silly packumentCache full:https://registry.npmjs.org/@vercel%2fgatsby-plugin-vercel-analytics cache-miss
475 http fetch GET 200 https://registry.npmjs.org/yauzl-promise 353ms (cache miss)
476 silly packumentCache full:https://registry.npmjs.org/yauzl-promise set size:undefined disposed:false
477 silly fetch manifest readdirp@^4.0.1
478 silly packumentCache full:https://registry.npmjs.org/readdirp cache-miss
479 http fetch GET 200 https://registry.npmjs.org/js-yaml 170ms (cache miss)
480 silly packumentCache full:https://registry.npmjs.org/js-yaml set size:undefined disposed:false
481 silly fetch manifest @esbuild/aix-ppc64@0.27.0
482 silly packumentCache full:https://registry.npmjs.org/@esbuild%2faix-ppc64 cache-miss
483 http fetch GET 200 https://registry.npmjs.org/@edge-runtime%2fprimitives 187ms (cache miss)
484 silly packumentCache full:https://registry.npmjs.org/@edge-runtime%2fprimitives set size:undefined disposed:false
485 silly fetch manifest @esbuild/linux-arm@0.27.0
486 silly packumentCache full:https://registry.npmjs.org/@esbuild%2flinux-arm cache-miss
487 http fetch GET 200 https://registry.npmjs.org/stream-to-promise 378ms (cache miss)
488 silly packumentCache full:https://registry.npmjs.org/stream-to-promise set size:undefined disposed:false
489 silly fetch manifest @esbuild/linux-x64@0.27.0
490 silly packumentCache full:https://registry.npmjs.org/@esbuild%2flinux-x64 cache-miss
491 http fetch GET 200 https://registry.npmjs.org/minimatch 180ms (cache miss)
492 silly packumentCache full:https://registry.npmjs.org/minimatch set size:undefined disposed:false
493 silly fetch manifest @esbuild/sunos-x64@0.27.0
494 silly packumentCache full:https://registry.npmjs.org/@esbuild%2fsunos-x64 cache-miss
495 http fetch GET 200 https://registry.npmjs.org/@renovatebot%2fpep440 176ms (cache miss)
496 silly packumentCache full:https://registry.npmjs.org/@renovatebot%2fpep440 set size:undefined disposed:false
497 silly fetch manifest @esbuild/win32-x64@0.27.0
498 silly packumentCache full:https://registry.npmjs.org/@esbuild%2fwin32-x64 cache-miss
499 http fetch GET 200 https://registry.npmjs.org/@bytecodealliance%2fpreview2-shim 219ms (cache miss)
500 silly packumentCache full:https://registry.npmjs.org/@bytecodealliance%2fpreview2-shim set size:undefined disposed:false
501 silly fetch manifest @esbuild/darwin-x64@0.27.0
502 silly packumentCache full:https://registry.npmjs.org/@esbuild%2fdarwin-x64 cache-miss
503 http fetch GET 200 https://registry.npmjs.org/@vercel%2fgatsby-plugin-vercel-analytics 221ms (cache miss)
504 silly packumentCache full:https://registry.npmjs.org/@vercel%2fgatsby-plugin-vercel-analytics set size:undefined disposed:false
505 silly fetch manifest @esbuild/linux-ia32@0.27.0
506 silly packumentCache full:https://registry.npmjs.org/@esbuild%2flinux-ia32 cache-miss
507 http fetch GET 200 https://registry.npmjs.org/@vercel%2fgatsby-plugin-vercel-builder 292ms (cache miss)
508 silly packumentCache full:https://registry.npmjs.org/@vercel%2fgatsby-plugin-vercel-builder set size:undefined disposed:false
509 silly fetch manifest @esbuild/netbsd-x64@0.27.0
510 silly packumentCache full:https://registry.npmjs.org/@esbuild%2fnetbsd-x64 cache-miss
511 http fetch GET 200 https://registry.npmjs.org/readdirp 274ms (cache miss)
512 silly packumentCache full:https://registry.npmjs.org/readdirp set size:undefined disposed:false
513 silly fetch manifest @esbuild/win32-ia32@0.27.0
514 silly packumentCache full:https://registry.npmjs.org/@esbuild%2fwin32-ia32 cache-miss
515 http fetch GET 200 https://registry.npmjs.org/@esbuild%2flinux-x64 239ms (cache miss)
516 silly packumentCache full:https://registry.npmjs.org/@esbuild%2flinux-x64 set size:undefined disposed:false
517 silly fetch manifest @esbuild/android-arm@0.27.0
518 silly packumentCache full:https://registry.npmjs.org/@esbuild%2fandroid-arm cache-miss
519 http fetch GET 200 https://registry.npmjs.org/@esbuild%2faix-ppc64 260ms (cache miss)
520 silly packumentCache full:https://registry.npmjs.org/@esbuild%2faix-ppc64 set size:undefined disposed:false
521 silly fetch manifest @esbuild/android-x64@0.27.0
522 silly packumentCache full:https://registry.npmjs.org/@esbuild%2fandroid-x64 cache-miss
523 http fetch GET 200 https://registry.npmjs.org/@esbuild%2fsunos-x64 251ms (cache miss)
524 silly packumentCache full:https://registry.npmjs.org/@esbuild%2fsunos-x64 set size:undefined disposed:false
525 silly fetch manifest @esbuild/freebsd-x64@0.27.0
526 silly packumentCache full:https://registry.npmjs.org/@esbuild%2ffreebsd-x64 cache-miss
527 http fetch GET 200 https://registry.npmjs.org/@esbuild%2flinux-arm 280ms (cache miss)
528 silly packumentCache full:https://registry.npmjs.org/@esbuild%2flinux-arm set size:undefined disposed:false
529 silly fetch manifest @esbuild/linux-arm64@0.27.0
530 silly packumentCache full:https://registry.npmjs.org/@esbuild%2flinux-arm64 cache-miss
531 http fetch GET 200 https://registry.npmjs.org/@esbuild%2fwin32-x64 255ms (cache miss)
532 silly packumentCache full:https://registry.npmjs.org/@esbuild%2fwin32-x64 set size:undefined disposed:false
533 silly fetch manifest @esbuild/linux-ppc64@0.27.0
534 silly packumentCache full:https://registry.npmjs.org/@esbuild%2flinux-ppc64 cache-miss
535 http fetch GET 200 https://registry.npmjs.org/typescript 628ms (cache miss)
536 silly packumentCache full:https://registry.npmjs.org/typescript set size:undefined disposed:false
537 silly fetch manifest @esbuild/linux-s390x@0.27.0
538 silly packumentCache full:https://registry.npmjs.org/@esbuild%2flinux-s390x cache-miss
539 http fetch GET 200 https://registry.npmjs.org/@esbuild%2flinux-ia32 277ms (cache miss)
540 silly packumentCache full:https://registry.npmjs.org/@esbuild%2flinux-ia32 set size:undefined disposed:false
541 silly fetch manifest @esbuild/openbsd-x64@0.27.0
542 silly packumentCache full:https://registry.npmjs.org/@esbuild%2fopenbsd-x64 cache-miss
543 http fetch GET 200 https://registry.npmjs.org/@esbuild%2fdarwin-x64 307ms (cache miss)
544 silly packumentCache full:https://registry.npmjs.org/@esbuild%2fdarwin-x64 set size:undefined disposed:false
545 silly fetch manifest @esbuild/win32-arm64@0.27.0
546 silly packumentCache full:https://registry.npmjs.org/@esbuild%2fwin32-arm64 cache-miss
547 http fetch GET 200 https://registry.npmjs.org/@esbuild%2fandroid-x64 177ms (cache miss)
548 silly packumentCache full:https://registry.npmjs.org/@esbuild%2fandroid-x64 set size:undefined disposed:false
549 silly fetch manifest @esbuild/darwin-arm64@0.27.0
550 silly packumentCache full:https://registry.npmjs.org/@esbuild%2fdarwin-arm64 cache-miss
551 http fetch GET 200 https://registry.npmjs.org/@esbuild%2fandroid-arm 181ms (cache miss)
552 silly packumentCache full:https://registry.npmjs.org/@esbuild%2fandroid-arm set size:undefined disposed:false
553 silly fetch manifest @esbuild/netbsd-arm64@0.27.0
554 silly packumentCache full:https://registry.npmjs.org/@esbuild%2fnetbsd-arm64 cache-miss
555 http fetch GET 200 https://registry.npmjs.org/@esbuild%2fnetbsd-x64 217ms (cache miss)
556 silly packumentCache full:https://registry.npmjs.org/@esbuild%2fnetbsd-x64 set size:undefined disposed:false
557 silly fetch manifest @esbuild/android-arm64@0.27.0
558 silly packumentCache full:https://registry.npmjs.org/@esbuild%2fandroid-arm64 cache-miss
559 http fetch GET 200 https://registry.npmjs.org/@esbuild%2fwin32-ia32 228ms (cache miss)
560 silly packumentCache full:https://registry.npmjs.org/@esbuild%2fwin32-ia32 set size:undefined disposed:false
561 silly fetch manifest @esbuild/freebsd-arm64@0.27.0
562 silly packumentCache full:https://registry.npmjs.org/@esbuild%2ffreebsd-arm64 cache-miss
563 http fetch GET 200 https://registry.npmjs.org/@esbuild%2ffreebsd-x64 197ms (cache miss)
564 silly packumentCache full:https://registry.npmjs.org/@esbuild%2ffreebsd-x64 set size:undefined disposed:false
565 silly fetch manifest @esbuild/linux-loong64@0.27.0
566 silly packumentCache full:https://registry.npmjs.org/@esbuild%2flinux-loong64 cache-miss
567 http fetch GET 200 https://registry.npmjs.org/@esbuild%2flinux-ppc64 191ms (cache miss)
568 silly packumentCache full:https://registry.npmjs.org/@esbuild%2flinux-ppc64 set size:undefined disposed:false
569 silly fetch manifest @esbuild/linux-riscv64@0.27.0
570 silly packumentCache full:https://registry.npmjs.org/@esbuild%2flinux-riscv64 cache-miss
571 http fetch GET 200 https://registry.npmjs.org/@esbuild%2flinux-s390x 131ms (cache miss)
572 silly packumentCache full:https://registry.npmjs.org/@esbuild%2flinux-s390x set size:undefined disposed:false
573 silly fetch manifest @esbuild/openbsd-arm64@0.27.0
574 silly packumentCache full:https://registry.npmjs.org/@esbuild%2fopenbsd-arm64 cache-miss
575 http fetch GET 200 https://registry.npmjs.org/@esbuild%2fopenbsd-x64 131ms (cache miss)
576 silly packumentCache full:https://registry.npmjs.org/@esbuild%2fopenbsd-x64 set size:undefined disposed:false
577 silly fetch manifest @esbuild/linux-mips64el@0.27.0
578 silly packumentCache full:https://registry.npmjs.org/@esbuild%2flinux-mips64el cache-miss
579 http fetch GET 200 https://registry.npmjs.org/@esbuild%2fandroid-arm64 122ms (cache miss)
580 silly packumentCache full:https://registry.npmjs.org/@esbuild%2fandroid-arm64 set size:undefined disposed:false
581 silly fetch manifest @esbuild/openharmony-arm64@0.27.0
582 silly packumentCache full:https://registry.npmjs.org/@esbuild%2fopenharmony-arm64 cache-miss
583 http fetch GET 200 https://registry.npmjs.org/@esbuild%2fdarwin-arm64 142ms (cache miss)
584 silly packumentCache full:https://registry.npmjs.org/@esbuild%2fdarwin-arm64 set size:undefined disposed:false
585 silly fetch manifest ws@^8.21.0
586 silly packumentCache full:https://registry.npmjs.org/ws cache-miss
587 http fetch GET 200 https://registry.npmjs.org/@esbuild%2ffreebsd-arm64 117ms (cache miss)
588 silly packumentCache full:https://registry.npmjs.org/@esbuild%2ffreebsd-arm64 set size:undefined disposed:false
589 silly fetch manifest zod@^4.1.1
590 silly packumentCache full:https://registry.npmjs.org/zod cache-miss
591 http fetch GET 200 https://registry.npmjs.org/@esbuild%2fwin32-arm64 158ms (cache miss)
592 silly packumentCache full:https://registry.npmjs.org/@esbuild%2fwin32-arm64 set size:undefined disposed:false
593 silly fetch manifest debug@^4.4.1
594 silly packumentCache full:https://registry.npmjs.org/debug cache-miss
595 http cache https://registry.npmjs.org/zod 15ms (cache hit)
596 silly packumentCache full:https://registry.npmjs.org/zod set size:4166672 disposed:false
597 silly fetch manifest async-retry@1.3.3
598 silly packumentCache full:https://registry.npmjs.org/async-retry cache-miss
599 http cache https://registry.npmjs.org/async-retry 4ms (cache hit)
600 silly packumentCache full:https://registry.npmjs.org/async-retry set size:51916 disposed:false
601 silly fetch manifest @vercel/sandbox@3.1.0
602 silly packumentCache full:https://registry.npmjs.org/@vercel%2fsandbox cache-miss
603 http cache https://registry.npmjs.org/debug 34ms (cache hit)
604 silly packumentCache full:https://registry.npmjs.org/debug set size:195840 disposed:false
605 silly fetch manifest @fastify/busboy@^2.0.0
606 silly packumentCache full:https://registry.npmjs.org/@fastify%2fbusboy cache-miss
607 http fetch GET 200 https://registry.npmjs.org/@esbuild%2fopenbsd-arm64 115ms (cache miss)
608 silly packumentCache full:https://registry.npmjs.org/@esbuild%2fopenbsd-arm64 set size:undefined disposed:false
609 http fetch GET 200 https://registry.npmjs.org/@esbuild%2flinux-mips64el 101ms (cache miss)
610 silly packumentCache full:https://registry.npmjs.org/@esbuild%2flinux-mips64el set size:undefined disposed:false
611 http fetch GET 200 https://registry.npmjs.org/@esbuild%2flinux-riscv64 201ms (cache miss)
612 silly packumentCache full:https://registry.npmjs.org/@esbuild%2flinux-riscv64 set size:undefined disposed:false
613 http fetch GET 200 https://registry.npmjs.org/ws 132ms (cache miss)
614 silly packumentCache full:https://registry.npmjs.org/ws set size:undefined disposed:false
615 http fetch GET 200 https://registry.npmjs.org/@esbuild%2flinux-loong64 244ms (cache miss)
616 silly packumentCache full:https://registry.npmjs.org/@esbuild%2flinux-loong64 set size:undefined disposed:false
617 http fetch GET 200 https://registry.npmjs.org/@esbuild%2fopenharmony-arm64 173ms (cache miss)
618 silly packumentCache full:https://registry.npmjs.org/@esbuild%2fopenharmony-arm64 set size:undefined disposed:false
619 http fetch GET 200 https://registry.npmjs.org/@esbuild%2fnetbsd-arm64 303ms (cache miss)
620 silly packumentCache full:https://registry.npmjs.org/@esbuild%2fnetbsd-arm64 set size:undefined disposed:false
621 http fetch GET 200 https://registry.npmjs.org/@fastify%2fbusboy 114ms (cache miss)
622 silly packumentCache full:https://registry.npmjs.org/@fastify%2fbusboy set size:undefined disposed:false
623 http fetch GET 200 https://registry.npmjs.org/@types%2fnode 1062ms (cache miss)
624 silly packumentCache full:https://registry.npmjs.org/@types%2fnode set size:undefined disposed:false
625 http fetch GET 200 https://registry.npmjs.org/@esbuild%2flinux-arm64 692ms (cache miss)
626 silly packumentCache full:https://registry.npmjs.org/@esbuild%2flinux-arm64 set size:undefined disposed:false
627 http fetch GET 200 https://registry.npmjs.org/@vercel%2fsandbox 1701ms (cache miss)
628 silly packumentCache full:https://registry.npmjs.org/@vercel%2fsandbox set size:undefined disposed:false
629 silly placeDep ROOT @vercel/nft@1.10.0 OK for: @vercel/backends@8.0.1 want: 1.10.0
630 silly placeDep ROOT @vercel/static-config@3.4.3 OK for: @vercel/backends@8.0.1 want: 3.4.3
631 silly placeDep ROOT execa@3.2.0 OK for: @vercel/backends@8.0.1 want: 3.2.0
632 silly placeDep ROOT fs-extra@11.1.0 OK for: @vercel/backends@8.0.1 want: 11.1.0
633 silly placeDep ROOT get-port@5.1.1 OK for: @vercel/backends@8.0.1 want: 5.1.1
634 silly placeDep ROOT oxc-transform@0.111.0 OK for: @vercel/backends@8.0.1 want: 0.111.0
635 silly placeDep ROOT path-to-regexp@8.3.0 OK for: @vercel/backends@8.0.1 want: 8.3.0
636 silly placeDep ROOT resolve.exports@2.0.3 OK for: @vercel/backends@8.0.1 want: 2.0.3
637 silly placeDep ROOT rolldown@1.0.0-rc.1 OK for: @vercel/backends@8.0.1 want: 1.0.0-rc.1
638 silly placeDep ROOT srvx@0.11.16 OK for: @vercel/backends@8.0.1 want: 0.11.16
639 silly placeDep ROOT ts-morph@12.0.0 OK for: @vercel/backends@8.0.1 want: 12.0.0
640 silly placeDep ROOT tsx@4.21.0 OK for: @vercel/backends@8.0.1 want: 4.21.0
641 silly placeDep node_modules/@vercel/backends zod@3.22.4 OK for: @vercel/backends@8.0.1 want: 3.22.4
642 silly fetch manifest glob@^13.0.0
643 silly packumentCache full:https://registry.npmjs.org/glob cache-miss
644 silly fetch manifest acorn@^8.6.0
645 silly packumentCache full:https://registry.npmjs.org/acorn cache-miss
646 silly fetch manifest bindings@^1.4.0
647 silly packumentCache full:https://registry.npmjs.org/bindings cache-miss
648 silly fetch manifest picomatch@^4.0.2
649 silly packumentCache full:https://registry.npmjs.org/picomatch cache-miss
650 silly fetch manifest async-sema@^3.1.1
651 silly packumentCache full:https://registry.npmjs.org/async-sema cache-miss
652 silly fetch manifest graceful-fs@^4.2.9
653 silly packumentCache full:https://registry.npmjs.org/graceful-fs cache-miss
654 silly fetch manifest resolve-from@^5.0.0
655 silly packumentCache full:https://registry.npmjs.org/resolve-from cache-miss
656 silly fetch manifest estree-walker@2.0.2
657 silly packumentCache full:https://registry.npmjs.org/estree-walker cache-miss
658 silly fetch manifest node-gyp-build@^4.2.2
659 silly packumentCache full:https://registry.npmjs.org/node-gyp-build cache-miss
660 silly fetch manifest @rollup/pluginutils@^5.1.3
661 silly packumentCache full:https://registry.npmjs.org/@rollup%2fpluginutils cache-miss
662 silly fetch manifest @mapbox/node-pre-gyp@^2.0.0
663 silly packumentCache full:https://registry.npmjs.org/@mapbox%2fnode-pre-gyp cache-miss
664 http fetch GET 200 https://registry.npmjs.org/bindings 135ms (cache miss)
665 silly packumentCache full:https://registry.npmjs.org/bindings set size:undefined disposed:false
666 silly fetch manifest acorn-import-attributes@^1.9.5
667 silly packumentCache full:https://registry.npmjs.org/acorn-import-attributes cache-miss
668 http fetch GET 200 https://registry.npmjs.org/resolve-from 140ms (cache miss)
669 silly packumentCache full:https://registry.npmjs.org/resolve-from set size:undefined disposed:false
670 silly fetch manifest ajv@8.6.3
671 silly packumentCache full:https://registry.npmjs.org/ajv cache-miss
672 http fetch GET 200 https://registry.npmjs.org/async-sema 143ms (cache miss)
673 silly packumentCache full:https://registry.npmjs.org/async-sema set size:undefined disposed:false
674 silly fetch manifest oxc-parser@0.121.0
675 silly packumentCache full:https://registry.npmjs.org/oxc-parser cache-miss
676 http fetch GET 200 https://registry.npmjs.org/estree-walker 145ms (cache miss)
677 silly packumentCache full:https://registry.npmjs.org/estree-walker set size:undefined disposed:false
678 silly fetch manifest json-schema-to-ts@1.6.4
679 silly packumentCache full:https://registry.npmjs.org/json-schema-to-ts cache-miss
680 http fetch GET 200 https://registry.npmjs.org/picomatch 149ms (cache miss)
681 silly packumentCache full:https://registry.npmjs.org/picomatch set size:undefined disposed:false
682 silly fetch manifest onetime@^5.1.0
683 silly packumentCache full:https://registry.npmjs.org/onetime cache-miss
684 http fetch GET 200 https://registry.npmjs.org/@mapbox%2fnode-pre-gyp 149ms (cache miss)
685 silly packumentCache full:https://registry.npmjs.org/@mapbox%2fnode-pre-gyp set size:undefined disposed:false
686 silly fetch manifest is-stream@^2.0.0
687 silly packumentCache full:https://registry.npmjs.org/is-stream cache-miss
688 http fetch GET 200 https://registry.npmjs.org/node-gyp-build 154ms (cache miss)
689 silly packumentCache full:https://registry.npmjs.org/node-gyp-build set size:undefined disposed:false
690 silly fetch manifest p-finally@^2.0.0
691 silly packumentCache full:https://registry.npmjs.org/p-finally cache-miss
692 http fetch GET 200 https://registry.npmjs.org/acorn 161ms (cache miss)
693 silly packumentCache full:https://registry.npmjs.org/acorn set size:undefined disposed:false
694 silly fetch manifest get-stream@^5.0.0
695 silly packumentCache full:https://registry.npmjs.org/get-stream cache-miss
696 http fetch GET 200 https://registry.npmjs.org/glob 167ms (cache miss)
697 silly packumentCache full:https://registry.npmjs.org/glob set size:undefined disposed:false
698 silly fetch manifest cross-spawn@^7.0.0
699 silly packumentCache full:https://registry.npmjs.org/cross-spawn cache-miss
700 http fetch GET 200 https://registry.npmjs.org/onetime 76ms (cache miss)
701 silly packumentCache full:https://registry.npmjs.org/onetime set size:undefined disposed:false
702 silly fetch manifest signal-exit@^3.0.2
703 silly packumentCache full:https://registry.npmjs.org/signal-exit cache-miss
704 http fetch GET 200 https://registry.npmjs.org/get-stream 70ms (cache miss)
705 silly packumentCache full:https://registry.npmjs.org/get-stream set size:undefined disposed:false
706 silly fetch manifest merge-stream@^2.0.0
707 silly packumentCache full:https://registry.npmjs.org/merge-stream cache-miss
708 http fetch GET 200 https://registry.npmjs.org/cross-spawn 65ms (cache miss)
709 silly packumentCache full:https://registry.npmjs.org/cross-spawn set size:undefined disposed:false
710 silly fetch manifest npm-run-path@^4.0.0
711 silly packumentCache full:https://registry.npmjs.org/npm-run-path cache-miss
712 http fetch GET 200 https://registry.npmjs.org/json-schema-to-ts 165ms (cache miss)
713 silly packumentCache full:https://registry.npmjs.org/json-schema-to-ts set size:undefined disposed:false
714 silly fetch manifest human-signals@^1.1.1
715 silly packumentCache full:https://registry.npmjs.org/human-signals cache-miss
716 http fetch GET 200 https://registry.npmjs.org/is-stream 178ms (cache miss)
717 silly packumentCache full:https://registry.npmjs.org/is-stream set size:undefined disposed:false
718 silly fetch manifest strip-final-newline@^2.0.0
719 silly packumentCache full:https://registry.npmjs.org/strip-final-newline cache-miss
720 http fetch GET 200 https://registry.npmjs.org/p-finally 178ms (cache miss)
721 silly packumentCache full:https://registry.npmjs.org/p-finally set size:undefined disposed:false
722 silly fetch manifest jsonfile@^6.0.1
723 silly packumentCache full:https://registry.npmjs.org/jsonfile cache-miss
724 http fetch GET 200 https://registry.npmjs.org/graceful-fs 339ms (cache miss)
725 silly packumentCache full:https://registry.npmjs.org/graceful-fs set size:undefined disposed:false
726 silly fetch manifest graceful-fs@^4.2.0
727 silly packumentCache full:https://registry.npmjs.org/graceful-fs cache-miss
728 http fetch GET 200 https://registry.npmjs.org/@rollup%2fpluginutils 339ms (cache miss)
729 silly packumentCache full:https://registry.npmjs.org/@rollup%2fpluginutils set size:undefined disposed:false
730 silly fetch manifest universalify@^2.0.0
731 silly packumentCache full:https://registry.npmjs.org/universalify cache-miss
732 http fetch GET 200 https://registry.npmjs.org/ajv 203ms (cache miss)
733 silly packumentCache full:https://registry.npmjs.org/ajv set size:undefined disposed:false
734 silly fetch manifest @oxc-transform/binding-darwin-x64@0.111.0
735 silly packumentCache full:https://registry.npmjs.org/@oxc-transform%2fbinding-darwin-x64 cache-miss
736 http fetch GET 200 https://registry.npmjs.org/npm-run-path 112ms (cache miss)
737 silly packumentCache full:https://registry.npmjs.org/npm-run-path set size:undefined disposed:false
738 silly fetch manifest @oxc-transform/binding-freebsd-x64@0.111.0
739 silly packumentCache full:https://registry.npmjs.org/@oxc-transform%2fbinding-freebsd-x64 cache-miss
740 http fetch GET 200 https://registry.npmjs.org/signal-exit 129ms (cache miss)
741 silly packumentCache full:https://registry.npmjs.org/signal-exit set size:undefined disposed:false
742 silly fetch manifest @oxc-transform/binding-wasm32-wasi@0.111.0
743 silly packumentCache full:https://registry.npmjs.org/@oxc-transform%2fbinding-wasm32-wasi cache-miss
744 http fetch GET 200 https://registry.npmjs.org/merge-stream 125ms (cache miss)
745 silly packumentCache full:https://registry.npmjs.org/merge-stream set size:undefined disposed:false
746 silly fetch manifest @oxc-transform/binding-darwin-arm64@0.111.0
747 silly packumentCache full:https://registry.npmjs.org/@oxc-transform%2fbinding-darwin-arm64 cache-miss
748 http cache https://registry.npmjs.org/graceful-fs 25ms (cache hit)
749 silly packumentCache full:https://registry.npmjs.org/graceful-fs set size:124285 disposed:false
750 silly fetch manifest @oxc-transform/binding-android-arm64@0.111.0
751 silly packumentCache full:https://registry.npmjs.org/@oxc-transform%2fbinding-android-arm64 cache-miss
752 http fetch GET 200 https://registry.npmjs.org/human-signals 77ms (cache miss)
753 silly packumentCache full:https://registry.npmjs.org/human-signals set size:undefined disposed:false
754 silly fetch manifest @oxc-transform/binding-linux-x64-gnu@0.111.0
755 silly packumentCache full:https://registry.npmjs.org/@oxc-transform%2fbinding-linux-x64-gnu cache-miss
756 http fetch GET 200 https://registry.npmjs.org/strip-final-newline 79ms (cache miss)
757 silly packumentCache full:https://registry.npmjs.org/strip-final-newline set size:undefined disposed:false
758 silly fetch manifest @oxc-transform/binding-linux-x64-musl@0.111.0
759 silly packumentCache full:https://registry.npmjs.org/@oxc-transform%2fbinding-linux-x64-musl cache-miss
760 http fetch GET 200 https://registry.npmjs.org/universalify 83ms (cache miss)
761 silly packumentCache full:https://registry.npmjs.org/universalify set size:undefined disposed:false
762 silly fetch manifest @oxc-transform/binding-win32-x64-msvc@0.111.0
763 silly packumentCache full:https://registry.npmjs.org/@oxc-transform%2fbinding-win32-x64-msvc cache-miss
764 http fetch GET 200 https://registry.npmjs.org/jsonfile 92ms (cache miss)
765 silly packumentCache full:https://registry.npmjs.org/jsonfile set size:undefined disposed:false
766 silly fetch manifest @oxc-transform/binding-linux-arm64-gnu@0.111.0
767 silly packumentCache full:https://registry.npmjs.org/@oxc-transform%2fbinding-linux-arm64-gnu cache-miss
768 http fetch GET 200 https://registry.npmjs.org/oxc-parser 289ms (cache miss)
769 silly packumentCache full:https://registry.npmjs.org/oxc-parser set size:undefined disposed:false
770 silly fetch manifest @oxc-transform/binding-linux-ppc64-gnu@0.111.0
771 silly packumentCache full:https://registry.npmjs.org/@oxc-transform%2fbinding-linux-ppc64-gnu cache-miss
772 http fetch GET 200 https://registry.npmjs.org/@oxc-transform%2fbinding-freebsd-x64 96ms (cache miss)
773 silly packumentCache full:https://registry.npmjs.org/@oxc-transform%2fbinding-freebsd-x64 set size:undefined disposed:false
774 silly fetch manifest @oxc-transform/binding-linux-s390x-gnu@0.111.0
775 silly packumentCache full:https://registry.npmjs.org/@oxc-transform%2fbinding-linux-s390x-gnu cache-miss
776 http fetch GET 200 https://registry.npmjs.org/@oxc-transform%2fbinding-darwin-x64 101ms (cache miss)
777 silly packumentCache full:https://registry.npmjs.org/@oxc-transform%2fbinding-darwin-x64 set size:undefined disposed:false
778 silly fetch manifest @oxc-transform/binding-win32-ia32-msvc@0.111.0
779 silly packumentCache full:https://registry.npmjs.org/@oxc-transform%2fbinding-win32-ia32-msvc cache-miss
780 http fetch GET 200 https://registry.npmjs.org/@oxc-transform%2fbinding-android-arm64 113ms (cache miss)
781 silly packumentCache full:https://registry.npmjs.org/@oxc-transform%2fbinding-android-arm64 set size:undefined disposed:false
782 silly fetch manifest @oxc-transform/binding-android-arm-eabi@0.111.0
783 silly packumentCache full:https://registry.npmjs.org/@oxc-transform%2fbinding-android-arm-eabi cache-miss
784 http fetch GET 200 https://registry.npmjs.org/@oxc-transform%2fbinding-darwin-arm64 146ms (cache miss)
785 silly packumentCache full:https://registry.npmjs.org/@oxc-transform%2fbinding-darwin-arm64 set size:undefined disposed:false
786 silly fetch manifest @oxc-transform/binding-linux-arm64-musl@0.111.0
787 silly packumentCache full:https://registry.npmjs.org/@oxc-transform%2fbinding-linux-arm64-musl cache-miss
788 http fetch GET 200 https://registry.npmjs.org/@oxc-transform%2fbinding-linux-x64-gnu 121ms (cache miss)
789 silly packumentCache full:https://registry.npmjs.org/@oxc-transform%2fbinding-linux-x64-gnu set size:undefined disposed:false
790 silly fetch manifest @oxc-transform/binding-win32-arm64-msvc@0.111.0
791 silly packumentCache full:https://registry.npmjs.org/@oxc-transform%2fbinding-win32-arm64-msvc cache-miss
792 http fetch GET 200 https://registry.npmjs.org/@oxc-transform%2fbinding-linux-x64-musl 111ms (cache miss)
793 silly packumentCache full:https://registry.npmjs.org/@oxc-transform%2fbinding-linux-x64-musl set size:undefined disposed:false
794 silly fetch manifest @oxc-transform/binding-linux-riscv64-gnu@0.111.0
795 silly packumentCache full:https://registry.npmjs.org/@oxc-transform%2fbinding-linux-riscv64-gnu cache-miss
796 http fetch GET 200 https://registry.npmjs.org/@oxc-transform%2fbinding-linux-ppc64-gnu 94ms (cache miss)
797 silly packumentCache full:https://registry.npmjs.org/@oxc-transform%2fbinding-linux-ppc64-gnu set size:undefined disposed:false
798 silly fetch manifest @oxc-transform/binding-openharmony-arm64@0.111.0
799 silly packumentCache full:https://registry.npmjs.org/@oxc-transform%2fbinding-openharmony-arm64 cache-miss
800 http fetch GET 200 https://registry.npmjs.org/@oxc-transform%2fbinding-win32-x64-msvc 110ms (cache miss)
801 silly packumentCache full:https://registry.npmjs.org/@oxc-transform%2fbinding-win32-x64-msvc set size:undefined disposed:false
802 silly fetch manifest @oxc-transform/binding-linux-riscv64-musl@0.111.0
803 silly packumentCache full:https://registry.npmjs.org/@oxc-transform%2fbinding-linux-riscv64-musl cache-miss
804 http fetch GET 200 https://registry.npmjs.org/@oxc-transform%2fbinding-win32-ia32-msvc 85ms (cache miss)
805 silly packumentCache full:https://registry.npmjs.org/@oxc-transform%2fbinding-win32-ia32-msvc set size:undefined disposed:false
806 silly fetch manifest @oxc-transform/binding-linux-arm-gnueabihf@0.111.0
807 silly packumentCache full:https://registry.npmjs.org/@oxc-transform%2fbinding-linux-arm-gnueabihf cache-miss
808 http fetch GET 200 https://registry.npmjs.org/@oxc-transform%2fbinding-linux-s390x-gnu 94ms (cache miss)
809 silly packumentCache full:https://registry.npmjs.org/@oxc-transform%2fbinding-linux-s390x-gnu set size:undefined disposed:false
810 silly fetch manifest @oxc-transform/binding-linux-arm-musleabihf@0.111.0
811 silly packumentCache full:https://registry.npmjs.org/@oxc-transform%2fbinding-linux-arm-musleabihf cache-miss
812 http fetch GET 200 https://registry.npmjs.org/@oxc-transform%2fbinding-linux-arm64-gnu 117ms (cache miss)
813 silly packumentCache full:https://registry.npmjs.org/@oxc-transform%2fbinding-linux-arm64-gnu set size:undefined disposed:false
814 silly fetch manifest @oxc-project/types@=0.110.0
815 silly packumentCache full:https://registry.npmjs.org/@oxc-project%2ftypes cache-miss
816 http fetch GET 200 https://registry.npmjs.org/acorn-import-attributes 440ms (cache miss)
817 silly packumentCache full:https://registry.npmjs.org/acorn-import-attributes set size:undefined disposed:false
818 silly fetch manifest @rolldown/pluginutils@1.0.0-rc.1
819 silly packumentCache full:https://registry.npmjs.org/@rolldown%2fpluginutils cache-miss
820 http fetch GET 200 https://registry.npmjs.org/@oxc-transform%2fbinding-openharmony-arm64 81ms (cache miss)
821 silly packumentCache full:https://registry.npmjs.org/@oxc-transform%2fbinding-openharmony-arm64 set size:undefined disposed:false
822 silly fetch manifest @rolldown/binding-darwin-x64@1.0.0-rc.1
823 silly packumentCache full:https://registry.npmjs.org/@rolldown%2fbinding-darwin-x64 cache-miss
824 http fetch GET 200 https://registry.npmjs.org/@oxc-transform%2fbinding-linux-arm-gnueabihf 88ms (cache miss)
825 silly packumentCache full:https://registry.npmjs.org/@oxc-transform%2fbinding-linux-arm-gnueabihf set size:undefined disposed:false
826 silly fetch manifest @rolldown/binding-freebsd-x64@1.0.0-rc.1
827 silly packumentCache full:https://registry.npmjs.org/@rolldown%2fbinding-freebsd-x64 cache-miss
828 http fetch GET 200 https://registry.npmjs.org/@oxc-transform%2fbinding-linux-arm-musleabihf 132ms (cache miss)
829 silly packumentCache full:https://registry.npmjs.org/@oxc-transform%2fbinding-linux-arm-musleabihf set size:undefined disposed:false
830 silly fetch manifest @rolldown/binding-wasm32-wasi@1.0.0-rc.1
831 silly packumentCache full:https://registry.npmjs.org/@rolldown%2fbinding-wasm32-wasi cache-miss
832 http fetch GET 200 https://registry.npmjs.org/@oxc-transform%2fbinding-linux-riscv64-musl 142ms (cache miss)
833 silly packumentCache full:https://registry.npmjs.org/@oxc-transform%2fbinding-linux-riscv64-musl set size:undefined disposed:false
834 silly fetch manifest @rolldown/binding-darwin-arm64@1.0.0-rc.1
835 silly packumentCache full:https://registry.npmjs.org/@rolldown%2fbinding-darwin-arm64 cache-miss
836 http fetch GET 200 https://registry.npmjs.org/@oxc-transform%2fbinding-linux-arm64-musl 180ms (cache miss)
837 silly packumentCache full:https://registry.npmjs.org/@oxc-transform%2fbinding-linux-arm64-musl set size:undefined disposed:false
838 silly fetch manifest @rolldown/binding-android-arm64@1.0.0-rc.1
839 silly packumentCache full:https://registry.npmjs.org/@rolldown%2fbinding-android-arm64 cache-miss
840 http fetch GET 200 https://registry.npmjs.org/@oxc-transform%2fbinding-win32-arm64-msvc 178ms (cache miss)
841 silly packumentCache full:https://registry.npmjs.org/@oxc-transform%2fbinding-win32-arm64-msvc set size:undefined disposed:false
842 silly fetch manifest @rolldown/binding-linux-x64-gnu@1.0.0-rc.1
843 silly packumentCache full:https://registry.npmjs.org/@rolldown%2fbinding-linux-x64-gnu cache-miss
844 http fetch GET 200 https://registry.npmjs.org/@rolldown%2fpluginutils 137ms (cache miss)
845 silly packumentCache full:https://registry.npmjs.org/@rolldown%2fpluginutils set size:undefined disposed:false
846 silly fetch manifest @rolldown/binding-linux-x64-musl@1.0.0-rc.1
847 silly packumentCache full:https://registry.npmjs.org/@rolldown%2fbinding-linux-x64-musl cache-miss
848 http fetch GET 200 https://registry.npmjs.org/@rolldown%2fbinding-freebsd-x64 184ms (cache miss)
849 silly packumentCache full:https://registry.npmjs.org/@rolldown%2fbinding-freebsd-x64 set size:undefined disposed:false
850 silly fetch manifest @rolldown/binding-win32-x64-msvc@1.0.0-rc.1
851 silly packumentCache full:https://registry.npmjs.org/@rolldown%2fbinding-win32-x64-msvc cache-miss
852 http fetch GET 200 https://registry.npmjs.org/@oxc-transform%2fbinding-android-arm-eabi 347ms (cache miss)
853 silly packumentCache full:https://registry.npmjs.org/@oxc-transform%2fbinding-android-arm-eabi set size:undefined disposed:false
854 silly fetch manifest @rolldown/binding-linux-arm64-gnu@1.0.0-rc.1
855 silly packumentCache full:https://registry.npmjs.org/@rolldown%2fbinding-linux-arm64-gnu cache-miss
856 http fetch GET 200 https://registry.npmjs.org/@rolldown%2fbinding-darwin-x64 215ms (cache miss)
857 silly packumentCache full:https://registry.npmjs.org/@rolldown%2fbinding-darwin-x64 set size:undefined disposed:false
858 silly fetch manifest @rolldown/binding-linux-arm64-musl@1.0.0-rc.1
859 silly packumentCache full:https://registry.npmjs.org/@rolldown%2fbinding-linux-arm64-musl cache-miss
860 http fetch GET 200 https://registry.npmjs.org/@oxc-project%2ftypes 326ms (cache miss)
861 silly packumentCache full:https://registry.npmjs.org/@oxc-project%2ftypes set size:undefined disposed:false
862 silly fetch manifest @rolldown/binding-win32-arm64-msvc@1.0.0-rc.1
863 silly packumentCache full:https://registry.npmjs.org/@rolldown%2fbinding-win32-arm64-msvc cache-miss
864 http fetch GET 200 https://registry.npmjs.org/@rolldown%2fbinding-wasm32-wasi 198ms (cache miss)
865 silly packumentCache full:https://registry.npmjs.org/@rolldown%2fbinding-wasm32-wasi set size:undefined disposed:false
866 silly fetch manifest @rolldown/binding-openharmony-arm64@1.0.0-rc.1
867 silly packumentCache full:https://registry.npmjs.org/@rolldown%2fbinding-openharmony-arm64 cache-miss
868 http fetch GET 200 https://registry.npmjs.org/@rolldown%2fbinding-linux-x64-gnu 282ms (cache miss)
869 silly packumentCache full:https://registry.npmjs.org/@rolldown%2fbinding-linux-x64-gnu set size:undefined disposed:false
870 silly fetch manifest @rolldown/binding-linux-arm-gnueabihf@1.0.0-rc.1
871 silly packumentCache full:https://registry.npmjs.org/@rolldown%2fbinding-linux-arm-gnueabihf cache-miss
872 http fetch GET 200 https://registry.npmjs.org/@rolldown%2fbinding-android-arm64 331ms (cache miss)
873 silly packumentCache full:https://registry.npmjs.org/@rolldown%2fbinding-android-arm64 set size:undefined disposed:false
874 silly fetch manifest @ts-morph/common@~0.11.0
875 silly packumentCache full:https://registry.npmjs.org/@ts-morph%2fcommon cache-miss
876 http fetch GET 200 https://registry.npmjs.org/@oxc-transform%2fbinding-linux-riscv64-gnu 498ms (cache miss)
877 silly packumentCache full:https://registry.npmjs.org/@oxc-transform%2fbinding-linux-riscv64-gnu set size:undefined disposed:false
878 silly fetch manifest code-block-writer@^10.1.1
879 silly packumentCache full:https://registry.npmjs.org/code-block-writer cache-miss
880 http fetch GET 200 https://registry.npmjs.org/@rolldown%2fbinding-darwin-arm64 345ms (cache miss)
881 silly packumentCache full:https://registry.npmjs.org/@rolldown%2fbinding-darwin-arm64 set size:undefined disposed:false
882 silly fetch manifest get-tsconfig@^4.7.5
883 silly packumentCache full:https://registry.npmjs.org/get-tsconfig cache-miss
884 http fetch GET 200 https://registry.npmjs.org/@oxc-transform%2fbinding-wasm32-wasi 693ms (cache miss)
885 silly packumentCache full:https://registry.npmjs.org/@oxc-transform%2fbinding-wasm32-wasi set size:undefined disposed:false
886 silly fetch manifest fsevents@~2.3.3
887 silly packumentCache full:https://registry.npmjs.org/fsevents cache-miss
888 http fetch GET 200 https://registry.npmjs.org/@rolldown%2fbinding-openharmony-arm64 172ms (cache miss)
889 silly packumentCache full:https://registry.npmjs.org/@rolldown%2fbinding-openharmony-arm64 set size:undefined disposed:false
890 http fetch GET 200 https://registry.npmjs.org/@rolldown%2fbinding-linux-x64-musl 527ms (cache miss)
891 silly packumentCache full:https://registry.npmjs.org/@rolldown%2fbinding-linux-x64-musl set size:undefined disposed:false
892 http fetch GET 200 https://registry.npmjs.org/@rolldown%2fbinding-win32-x64-msvc 504ms (cache miss)
893 silly packumentCache full:https://registry.npmjs.org/@rolldown%2fbinding-win32-x64-msvc set size:undefined disposed:false
894 http fetch GET 200 https://registry.npmjs.org/@rolldown%2fbinding-linux-arm64-gnu 517ms (cache miss)
895 silly packumentCache full:https://registry.npmjs.org/@rolldown%2fbinding-linux-arm64-gnu set size:undefined disposed:false
896 http fetch GET 200 https://registry.npmjs.org/fsevents 306ms (cache miss)
897 silly packumentCache full:https://registry.npmjs.org/fsevents set size:undefined disposed:false
898 http fetch GET 200 https://registry.npmjs.org/@ts-morph%2fcommon 342ms (cache miss)
899 silly packumentCache full:https://registry.npmjs.org/@ts-morph%2fcommon set size:undefined disposed:false
900 http fetch GET 200 https://registry.npmjs.org/get-tsconfig 337ms (cache miss)
901 silly packumentCache full:https://registry.npmjs.org/get-tsconfig set size:undefined disposed:false
902 http fetch GET 200 https://registry.npmjs.org/code-block-writer 378ms (cache miss)
903 silly packumentCache full:https://registry.npmjs.org/code-block-writer set size:undefined disposed:false
904 http fetch GET 200 https://registry.npmjs.org/@rolldown%2fbinding-linux-arm-gnueabihf 422ms (cache miss)
905 silly packumentCache full:https://registry.npmjs.org/@rolldown%2fbinding-linux-arm-gnueabihf set size:undefined disposed:false
906 http fetch GET 200 https://registry.npmjs.org/@rolldown%2fbinding-win32-arm64-msvc 564ms (cache miss)
907 silly packumentCache full:https://registry.npmjs.org/@rolldown%2fbinding-win32-arm64-msvc set size:undefined disposed:false
908 http fetch GET 200 https://registry.npmjs.org/@rolldown%2fbinding-linux-arm64-musl 612ms (cache miss)
909 silly packumentCache full:https://registry.npmjs.org/@rolldown%2fbinding-linux-arm64-musl set size:undefined disposed:false
910 silly placeDep ROOT @vercel/oidc@3.8.7 OK for: @vercel/blob@2.8.0 want: ^3.6.1
911 silly placeDep ROOT async-retry@1.3.3 OK for: @vercel/blob@2.8.0 want: ^1.3.3
912 silly placeDep ROOT is-buffer@2.0.5 OK for: @vercel/blob@2.8.0 want: ^2.0.5
913 silly placeDep ROOT is-node-process@1.2.0 OK for: @vercel/blob@2.8.0 want: ^1.2.0
914 silly placeDep ROOT throttleit@2.1.0 OK for: @vercel/blob@2.8.0 want: ^2.1.0
915 silly placeDep node_modules/@vercel/blob undici@6.28.1 OK for: @vercel/blob@2.8.0 want: ^6.23.0
916 silly fetch manifest @vercel/cli-exec@1.0.1
917 silly packumentCache full:https://registry.npmjs.org/@vercel%2fcli-exec cache-miss
918 silly fetch manifest retry@0.13.1
919 silly packumentCache full:https://registry.npmjs.org/retry cache-miss
920 http fetch GET 200 https://registry.npmjs.org/retry 85ms (cache miss)
921 silly packumentCache full:https://registry.npmjs.org/retry set size:undefined disposed:false
922 http fetch GET 200 https://registry.npmjs.org/@vercel%2fcli-exec 549ms (cache miss)
923 silly packumentCache full:https://registry.npmjs.org/@vercel%2fcli-exec set size:undefined disposed:false
924 silly placeDep ROOT cjs-module-lexer@1.2.3 OK for: @vercel/build-utils@14.10.1 want: 1.2.3
925 silly placeDep ROOT es-module-lexer@1.5.0 OK for: @vercel/build-utils@14.10.1 want: 1.5.0
926 silly placeDep ROOT @napi-rs/keyring@1.2.0 OK for: @vercel/cli-auth@0.3.7 want: 1.2.0
927 silly placeDep ROOT async-listen@3.0.0 OK for: @vercel/cli-auth@0.3.7 want: 3.0.0
928 silly placeDep ROOT open@8.4.0 OK for: @vercel/cli-auth@0.3.7 want: 8.4.0
929 silly fetch manifest @napi-rs/keyring-darwin-x64@1.2.0
930 silly packumentCache full:https://registry.npmjs.org/@napi-rs%2fkeyring-darwin-x64 cache-miss
931 silly fetch manifest @napi-rs/keyring-freebsd-x64@1.2.0
932 silly packumentCache full:https://registry.npmjs.org/@napi-rs%2fkeyring-freebsd-x64 cache-miss
933 silly fetch manifest @napi-rs/keyring-darwin-arm64@1.2.0
934 silly packumentCache full:https://registry.npmjs.org/@napi-rs%2fkeyring-darwin-arm64 cache-miss
935 silly fetch manifest @napi-rs/keyring-linux-x64-gnu@1.2.0
936 silly packumentCache full:https://registry.npmjs.org/@napi-rs%2fkeyring-linux-x64-gnu cache-miss
937 silly fetch manifest @napi-rs/keyring-linux-x64-musl@1.2.0
938 silly packumentCache full:https://registry.npmjs.org/@napi-rs%2fkeyring-linux-x64-musl cache-miss
939 silly fetch manifest @napi-rs/keyring-win32-x64-msvc@1.2.0
940 silly packumentCache full:https://registry.npmjs.org/@napi-rs%2fkeyring-win32-x64-msvc cache-miss
941 silly fetch manifest @napi-rs/keyring-linux-arm64-gnu@1.2.0
942 silly packumentCache full:https://registry.npmjs.org/@napi-rs%2fkeyring-linux-arm64-gnu cache-miss
943 silly fetch manifest @napi-rs/keyring-win32-ia32-msvc@1.2.0
944 silly packumentCache full:https://registry.npmjs.org/@napi-rs%2fkeyring-win32-ia32-msvc cache-miss
945 silly fetch manifest @napi-rs/keyring-linux-arm64-musl@1.2.0
946 silly packumentCache full:https://registry.npmjs.org/@napi-rs%2fkeyring-linux-arm64-musl cache-miss
947 silly fetch manifest @napi-rs/keyring-win32-arm64-msvc@1.2.0
948 silly packumentCache full:https://registry.npmjs.org/@napi-rs%2fkeyring-win32-arm64-msvc cache-miss
949 silly fetch manifest @napi-rs/keyring-linux-riscv64-gnu@1.2.0
950 silly packumentCache full:https://registry.npmjs.org/@napi-rs%2fkeyring-linux-riscv64-gnu cache-miss
951 http fetch GET 200 https://registry.npmjs.org/@napi-rs%2fkeyring-linux-x64-gnu 201ms (cache miss)
952 silly packumentCache full:https://registry.npmjs.org/@napi-rs%2fkeyring-linux-x64-gnu set size:undefined disposed:false
953 silly fetch manifest @napi-rs/keyring-linux-arm-gnueabihf@1.2.0
954 silly packumentCache full:https://registry.npmjs.org/@napi-rs%2fkeyring-linux-arm-gnueabihf cache-miss
955 http fetch GET 200 https://registry.npmjs.org/@napi-rs%2fkeyring-linux-riscv64-gnu 200ms (cache miss)
956 silly packumentCache full:https://registry.npmjs.org/@napi-rs%2fkeyring-linux-riscv64-gnu set size:undefined disposed:false
957 silly fetch manifest is-wsl@^2.2.0
958 silly packumentCache full:https://registry.npmjs.org/is-wsl cache-miss
959 http fetch GET 200 https://registry.npmjs.org/@napi-rs%2fkeyring-darwin-arm64 205ms (cache miss)
960 silly packumentCache full:https://registry.npmjs.org/@napi-rs%2fkeyring-darwin-arm64 set size:undefined disposed:false
961 silly fetch manifest is-docker@^2.1.1
962 silly packumentCache full:https://registry.npmjs.org/is-docker cache-miss
963 http fetch GET 200 https://registry.npmjs.org/@napi-rs%2fkeyring-win32-arm64-msvc 207ms (cache miss)
964 silly packumentCache full:https://registry.npmjs.org/@napi-rs%2fkeyring-win32-arm64-msvc set size:undefined disposed:false
965 silly fetch manifest define-lazy-prop@^2.0.0
966 silly packumentCache full:https://registry.npmjs.org/define-lazy-prop cache-miss
967 http fetch GET 200 https://registry.npmjs.org/@napi-rs%2fkeyring-win32-ia32-msvc 208ms (cache miss)
968 silly packumentCache full:https://registry.npmjs.org/@napi-rs%2fkeyring-win32-ia32-msvc set size:undefined disposed:false
969 http fetch GET 200 https://registry.npmjs.org/@napi-rs%2fkeyring-darwin-x64 212ms (cache miss)
970 silly packumentCache full:https://registry.npmjs.org/@napi-rs%2fkeyring-darwin-x64 set size:undefined disposed:false
971 http fetch GET 200 https://registry.npmjs.org/@napi-rs%2fkeyring-linux-arm64-gnu 211ms (cache miss)
972 silly packumentCache full:https://registry.npmjs.org/@napi-rs%2fkeyring-linux-arm64-gnu set size:undefined disposed:false
973 http fetch GET 200 https://registry.npmjs.org/@napi-rs%2fkeyring-linux-arm64-musl 210ms (cache miss)
974 silly packumentCache full:https://registry.npmjs.org/@napi-rs%2fkeyring-linux-arm64-musl set size:undefined disposed:false
975 http fetch GET 200 https://registry.npmjs.org/is-docker 102ms (cache miss)
976 silly packumentCache full:https://registry.npmjs.org/is-docker set size:undefined disposed:false
977 http fetch GET 200 https://registry.npmjs.org/is-wsl 107ms (cache miss)
978 silly packumentCache full:https://registry.npmjs.org/is-wsl set size:undefined disposed:false
979 http fetch GET 200 https://registry.npmjs.org/@napi-rs%2fkeyring-win32-x64-msvc 323ms (cache miss)
980 silly packumentCache full:https://registry.npmjs.org/@napi-rs%2fkeyring-win32-x64-msvc set size:undefined disposed:false
981 http fetch GET 200 https://registry.npmjs.org/@napi-rs%2fkeyring-linux-arm-gnueabihf 123ms (cache miss)
982 silly packumentCache full:https://registry.npmjs.org/@napi-rs%2fkeyring-linux-arm-gnueabihf set size:undefined disposed:false
983 http fetch GET 200 https://registry.npmjs.org/@napi-rs%2fkeyring-freebsd-x64 344ms (cache miss)
984 silly packumentCache full:https://registry.npmjs.org/@napi-rs%2fkeyring-freebsd-x64 set size:undefined disposed:false
985 http fetch GET 200 https://registry.npmjs.org/define-lazy-prop 234ms (cache miss)
986 silly packumentCache full:https://registry.npmjs.org/define-lazy-prop set size:undefined disposed:false
987 http fetch GET 200 https://registry.npmjs.org/@napi-rs%2fkeyring-linux-x64-musl 482ms (cache miss)
988 silly packumentCache full:https://registry.npmjs.org/@napi-rs%2fkeyring-linux-x64-musl set size:undefined disposed:false
989 silly placeDep ROOT @napi-rs/keyring-darwin-arm64@1.2.0 OK for: @napi-rs/keyring@1.2.0 want: 1.2.0
990 silly placeDep ROOT @napi-rs/keyring-darwin-x64@1.2.0 OK for: @napi-rs/keyring@1.2.0 want: 1.2.0
991 silly placeDep ROOT @napi-rs/keyring-freebsd-x64@1.2.0 OK for: @napi-rs/keyring@1.2.0 want: 1.2.0
992 silly placeDep ROOT @napi-rs/keyring-linux-arm-gnueabihf@1.2.0 OK for: @napi-rs/keyring@1.2.0 want: 1.2.0
993 silly placeDep ROOT @napi-rs/keyring-linux-arm64-gnu@1.2.0 OK for: @napi-rs/keyring@1.2.0 want: 1.2.0
994 silly placeDep ROOT @napi-rs/keyring-linux-arm64-musl@1.2.0 OK for: @napi-rs/keyring@1.2.0 want: 1.2.0
995 silly placeDep ROOT @napi-rs/keyring-linux-riscv64-gnu@1.2.0 OK for: @napi-rs/keyring@1.2.0 want: 1.2.0
996 silly placeDep ROOT @napi-rs/keyring-linux-x64-gnu@1.2.0 OK for: @napi-rs/keyring@1.2.0 want: 1.2.0
997 silly placeDep ROOT @napi-rs/keyring-linux-x64-musl@1.2.0 OK for: @napi-rs/keyring@1.2.0 want: 1.2.0
998 silly placeDep ROOT @napi-rs/keyring-win32-arm64-msvc@1.2.0 OK for: @napi-rs/keyring@1.2.0 want: 1.2.0
999 silly placeDep ROOT @napi-rs/keyring-win32-ia32-msvc@1.2.0 OK for: @napi-rs/keyring@1.2.0 want: 1.2.0
1000 silly placeDep ROOT @napi-rs/keyring-win32-x64-msvc@1.2.0 OK for: @napi-rs/keyring@1.2.0 want: 1.2.0
1001 silly placeDep ROOT xdg-app-paths@5.5.1 OK for: @vercel/cli-config@0.2.6 want: 5
1002 silly fetch manifest os-paths@^4.0.1
1003 silly packumentCache full:https://registry.npmjs.org/os-paths cache-miss
1004 silly fetch manifest xdg-portable@^7.2.0
1005 silly packumentCache full:https://registry.npmjs.org/xdg-portable cache-miss
1006 http fetch GET 200 https://registry.npmjs.org/os-paths 149ms (cache miss)
1007 silly packumentCache full:https://registry.npmjs.org/os-paths set size:undefined disposed:false
1008 http fetch GET 200 https://registry.npmjs.org/xdg-portable 163ms (cache miss)
1009 silly packumentCache full:https://registry.npmjs.org/xdg-portable set size:undefined disposed:false
1010 silly placeDep ROOT tar@7.5.11 OK for: @vercel/container@8.1.0 want: 7.5.11
1011 silly fetch manifest chownr@^3.0.0
1012 silly packumentCache full:https://registry.npmjs.org/chownr cache-miss
1013 silly fetch manifest yallist@^5.0.0
1014 silly packumentCache full:https://registry.npmjs.org/yallist cache-miss
1015 silly fetch manifest minipass@^7.1.2
1016 silly packumentCache full:https://registry.npmjs.org/minipass cache-miss
1017 silly fetch manifest minizlib@^3.1.0
1018 silly packumentCache full:https://registry.npmjs.org/minizlib cache-miss
1019 silly fetch manifest @isaacs/fs-minipass@^4.0.0
1020 silly packumentCache full:https://registry.npmjs.org/@isaacs%2ffs-minipass cache-miss
1021 http fetch GET 200 https://registry.npmjs.org/minizlib 91ms (cache miss)
1022 silly packumentCache full:https://registry.npmjs.org/minizlib set size:undefined disposed:false
1023 http fetch GET 200 https://registry.npmjs.org/minipass 245ms (cache miss)
1024 silly packumentCache full:https://registry.npmjs.org/minipass set size:undefined disposed:false
1025 http fetch GET 200 https://registry.npmjs.org/yallist 777ms (cache miss)
1026 silly packumentCache full:https://registry.npmjs.org/yallist set size:undefined disposed:false
1027 http fetch GET 200 https://registry.npmjs.org/@isaacs%2ffs-minipass 780ms (cache miss)
1028 silly packumentCache full:https://registry.npmjs.org/@isaacs%2ffs-minipass set size:undefined disposed:false
1029 http fetch GET 200 https://registry.npmjs.org/chownr 851ms (cache miss)
1030 silly packumentCache full:https://registry.npmjs.org/chownr set size:undefined disposed:false
1031 silly placeDep ROOT @vercel/cervel@0.1.65 OK for: @vercel/express@8.0.1 want: 0.1.65
1032 silly placeDep node_modules/@vercel/express zod@3.22.4 OK for: @vercel/express@8.0.1 want: 3.22.4
1033 silly fetch manifest encoding@^0.1.0
1034 silly packumentCache full:https://registry.npmjs.org/encoding cache-miss
1035 http fetch GET 200 https://registry.npmjs.org/encoding 325ms (cache miss)
1036 silly packumentCache full:https://registry.npmjs.org/encoding set size:undefined disposed:false
1037 silly placeDep ROOT @tootallnate/once@2.0.0 OK for: @vercel/fun@1.3.0 want: 2.0.0
1038 silly placeDep node_modules/@vercel/fun async-listen@1.2.0 OK for: @vercel/fun@1.3.0 want: 1.2.0
1039 silly placeDep ROOT debug@4.3.4 OK for: @vercel/fun@1.3.0 want: 4.3.4
1040 silly placeDep ROOT generic-pool@3.4.2 OK for: @vercel/fun@1.3.0 want: 3.4.2
1041 silly placeDep ROOT micro@9.3.5-canary.3 OK for: @vercel/fun@1.3.0 want: 9.3.5-canary.3
1042 silly placeDep ROOT ms@2.1.1 OK for: @vercel/fun@1.3.0 want: 2.1.1
1043 silly placeDep ROOT node-fetch@2.6.7 OK for: @vercel/fun@1.3.0 want: 2.6.7
1044 silly placeDep node_modules/@vercel/fun path-to-regexp@8.2.0 OK for: @vercel/fun@1.3.0 want: 8.2.0
1045 silly placeDep ROOT promisepipe@3.0.0 OK for: @vercel/fun@1.3.0 want: 3.0.0
1046 silly placeDep ROOT semver@7.5.4 OK for: @vercel/fun@1.3.0 want: 7.5.4
1047 silly placeDep ROOT stat-mode@0.3.0 OK for: @vercel/fun@1.3.0 want: 0.3.0
1048 silly placeDep ROOT stream-to-promise@2.2.0 OK for: @vercel/fun@1.3.0 want: 2.2.0
1049 silly placeDep node_modules/@vercel/fun tar@7.5.7 OK for: @vercel/fun@1.3.0 want: 7.5.7
1050 silly placeDep ROOT tinyexec@0.3.2 OK for: @vercel/fun@1.3.0 want: 0.3.2
1051 silly placeDep ROOT tree-kill@1.2.2 OK for: @vercel/fun@1.3.0 want: 1.2.2
1052 silly placeDep ROOT uid-promise@1.0.0 OK for: @vercel/fun@1.3.0 want: 1.0.0
1053 silly placeDep node_modules/@vercel/fun xdg-app-paths@5.1.0 OK for: @vercel/fun@1.3.0 want: 5.1.0
1054 silly placeDep ROOT yauzl-promise@2.1.3 OK for: @vercel/fun@1.3.0 want: 2.1.3
1055 silly fetch manifest ms@2.1.2
1056 silly packumentCache full:https://registry.npmjs.org/ms cache-miss
1057 silly fetch manifest arg@4.1.0
1058 silly packumentCache full:https://registry.npmjs.org/arg cache-miss
1059 silly fetch manifest raw-body@2.4.1
1060 silly packumentCache full:https://registry.npmjs.org/raw-body cache-miss
1061 silly fetch manifest content-type@1.0.4
1062 silly packumentCache full:https://registry.npmjs.org/content-type cache-miss
1063 silly fetch manifest whatwg-url@^5.0.0
1064 silly packumentCache full:https://registry.npmjs.org/whatwg-url cache-miss
1065 silly fetch manifest lru-cache@^6.0.0
1066 silly packumentCache full:https://registry.npmjs.org/lru-cache cache-miss
1067 silly fetch manifest any-promise@~1.3.0
1068 silly packumentCache full:https://registry.npmjs.org/any-promise cache-miss
1069 silly fetch manifest end-of-stream@~1.1.0
1070 silly packumentCache full:https://registry.npmjs.org/end-of-stream cache-miss
1071 silly fetch manifest stream-to-array@~2.3.0
1072 silly packumentCache full:https://registry.npmjs.org/stream-to-array cache-miss
1073 silly fetch manifest xdg-portable@^7.0.0
1074 silly packumentCache full:https://registry.npmjs.org/xdg-portable cache-miss
1075 silly fetch manifest yauzl@^2.9.1
1076 silly packumentCache full:https://registry.npmjs.org/yauzl cache-miss
1077 http cache https://registry.npmjs.org/ms 13ms (cache hit)
1078 silly packumentCache full:https://registry.npmjs.org/ms set size:92208 disposed:false
1079 silly fetch manifest yauzl-clone@^1.0.4
1080 silly packumentCache full:https://registry.npmjs.org/yauzl-clone cache-miss
1081 http cache https://registry.npmjs.org/xdg-portable 11ms (cache hit)
1082 silly packumentCache full:https://registry.npmjs.org/xdg-portable set size:329210 disposed:false
1083 http fetch GET 200 https://registry.npmjs.org/content-type 143ms (cache miss)
1084 silly packumentCache full:https://registry.npmjs.org/content-type set size:undefined disposed:false
1085 http fetch GET 200 https://registry.npmjs.org/any-promise 144ms (cache miss)
1086 silly packumentCache full:https://registry.npmjs.org/any-promise set size:undefined disposed:false
1087 http fetch GET 200 https://registry.npmjs.org/end-of-stream 177ms (cache miss)
1088 silly packumentCache full:https://registry.npmjs.org/end-of-stream set size:undefined disposed:false
1089 http fetch GET 200 https://registry.npmjs.org/whatwg-url 179ms (cache miss)
1090 silly packumentCache full:https://registry.npmjs.org/whatwg-url set size:undefined disposed:false
1091 http fetch GET 200 https://registry.npmjs.org/yauzl 177ms (cache miss)
1092 silly packumentCache full:https://registry.npmjs.org/yauzl set size:undefined disposed:false
1093 http fetch GET 200 https://registry.npmjs.org/stream-to-array 193ms (cache miss)
1094 silly packumentCache full:https://registry.npmjs.org/stream-to-array set size:undefined disposed:false
1095 http fetch GET 200 https://registry.npmjs.org/raw-body 195ms (cache miss)
1096 silly packumentCache full:https://registry.npmjs.org/raw-body set size:undefined disposed:false
1097 http fetch GET 200 https://registry.npmjs.org/lru-cache 201ms (cache miss)
1098 silly packumentCache full:https://registry.npmjs.org/lru-cache set size:undefined disposed:false
1099 http fetch GET 200 https://registry.npmjs.org/arg 208ms (cache miss)
1100 silly packumentCache full:https://registry.npmjs.org/arg set size:undefined disposed:false
1101 http fetch GET 200 https://registry.npmjs.org/yauzl-clone 389ms (cache miss)
1102 silly packumentCache full:https://registry.npmjs.org/yauzl-clone set size:undefined disposed:false
1103 silly placeDep node_modules/@vercel/hono zod@3.22.4 OK for: @vercel/hono@8.0.1 want: 3.22.4
1104 silly fetch manifest rollup@^1.20.0||^2.0.0||^3.0.0||^4.0.0
1105 silly packumentCache full:https://registry.npmjs.org/rollup cache-miss
1106 http fetch GET 200 https://registry.npmjs.org/rollup 257ms (cache miss)
1107 silly packumentCache full:https://registry.npmjs.org/rollup set size:undefined disposed:false
1108 silly placeDep ROOT @mapbox/node-pre-gyp@2.0.3 OK for: @vercel/nft@1.10.0 want: ^2.0.0
1109 silly placeDep ROOT @rollup/pluginutils@5.4.0 OK for: @vercel/nft@1.10.0 want: ^5.1.3
1110 silly placeDep ROOT acorn@8.18.0 OK for: @vercel/nft@1.10.0 want: ^8.6.0
1111 silly placeDep ROOT acorn-import-attributes@1.9.5 OK for: @vercel/nft@1.10.0 want: ^1.9.5
1112 silly placeDep ROOT async-sema@3.1.1 OK for: @vercel/nft@1.10.0 want: ^3.1.1
1113 silly placeDep ROOT bindings@1.5.0 OK for: @vercel/nft@1.10.0 want: ^1.4.0
1114 silly placeDep ROOT estree-walker@2.0.2 OK for: @vercel/nft@1.10.0 want: 2.0.2
1115 silly placeDep ROOT glob@13.0.6 OK for: @vercel/nft@1.10.0 want: ^13.0.0
1116 silly placeDep ROOT graceful-fs@4.2.11 OK for: @vercel/nft@1.10.0 want: ^4.2.9
1117 silly placeDep ROOT node-gyp-build@4.8.4 OK for: @vercel/nft@1.10.0 want: ^4.2.2
1118 silly placeDep ROOT picomatch@4.0.7 OK for: @vercel/nft@1.10.0 want: ^4.0.2
1119 silly placeDep ROOT resolve-from@5.0.0 OK for: @vercel/nft@1.10.0 want: ^5.0.0
1120 silly fetch manifest nopt@^8.0.0
1121 silly packumentCache full:https://registry.npmjs.org/nopt cache-miss
1122 silly fetch manifest consola@^3.2.3
1123 silly packumentCache full:https://registry.npmjs.org/consola cache-miss
1124 silly fetch manifest detect-libc@^2.0.0
1125 silly packumentCache full:https://registry.npmjs.org/detect-libc cache-miss
1126 silly fetch manifest https-proxy-agent@^7.0.5
1127 silly packumentCache full:https://registry.npmjs.org/https-proxy-agent cache-miss
1128 silly fetch manifest @types/estree@^1.0.0
1129 silly packumentCache full:https://registry.npmjs.org/@types%2festree cache-miss
1130 silly fetch manifest estree-walker@^2.0.2
1131 silly packumentCache full:https://registry.npmjs.org/estree-walker cache-miss
1132 silly fetch manifest file-uri-to-path@1.0.0
1133 silly packumentCache full:https://registry.npmjs.org/file-uri-to-path cache-miss
1134 silly fetch manifest minimatch@^10.2.2
1135 silly packumentCache full:https://registry.npmjs.org/minimatch cache-miss
1136 silly fetch manifest minipass@^7.1.3
1137 silly packumentCache full:https://registry.npmjs.org/minipass cache-miss
1138 silly fetch manifest path-scurry@^2.0.2
1139 silly packumentCache full:https://registry.npmjs.org/path-scurry cache-miss
1140 http cache https://registry.npmjs.org/estree-walker 12ms (cache hit)
1141 silly packumentCache full:https://registry.npmjs.org/estree-walker set size:60887 disposed:false
1142 http cache https://registry.npmjs.org/minipass 13ms (cache hit)
1143 silly packumentCache full:https://registry.npmjs.org/minipass set size:276925 disposed:false
1144 http cache https://registry.npmjs.org/minimatch 16ms (cache hit)
1145 silly packumentCache full:https://registry.npmjs.org/minimatch set size:377924 disposed:false
1146 http fetch GET 200 https://registry.npmjs.org/detect-libc 71ms (cache miss)
1147 silly packumentCache full:https://registry.npmjs.org/detect-libc set size:undefined disposed:false
1148 http fetch GET 200 https://registry.npmjs.org/https-proxy-agent 72ms (cache miss)
1149 silly packumentCache full:https://registry.npmjs.org/https-proxy-agent set size:undefined disposed:false
1150 http fetch GET 200 https://registry.npmjs.org/file-uri-to-path 93ms (cache miss)
1151 silly packumentCache full:https://registry.npmjs.org/file-uri-to-path set size:undefined disposed:false
1152 http fetch GET 200 https://registry.npmjs.org/nopt 95ms (cache miss)
1153 silly packumentCache full:https://registry.npmjs.org/nopt set size:undefined disposed:false
1154 http fetch GET 200 https://registry.npmjs.org/path-scurry 95ms (cache miss)
1155 silly packumentCache full:https://registry.npmjs.org/path-scurry set size:undefined disposed:false
1156 http fetch GET 200 https://registry.npmjs.org/consola 103ms (cache miss)
1157 silly packumentCache full:https://registry.npmjs.org/consola set size:undefined disposed:false
1158 http fetch GET 200 https://registry.npmjs.org/@types%2festree 108ms (cache miss)
1159 silly packumentCache full:https://registry.npmjs.org/@types%2festree set size:undefined disposed:false
1160 silly placeDep ROOT consola@3.4.2 OK for: @mapbox/node-pre-gyp@2.0.3 want: ^3.2.3
1161 silly placeDep ROOT detect-libc@2.1.2 OK for: @mapbox/node-pre-gyp@2.0.3 want: ^2.0.0
1162 silly placeDep ROOT https-proxy-agent@7.0.6 OK for: @mapbox/node-pre-gyp@2.0.3 want: ^7.0.5
1163 silly placeDep ROOT nopt@8.1.0 OK for: @mapbox/node-pre-gyp@2.0.3 want: ^8.0.0
1164 silly fetch manifest agent-base@^7.1.2
1165 silly packumentCache full:https://registry.npmjs.org/agent-base cache-miss
1166 silly fetch manifest abbrev@^3.0.0
1167 silly packumentCache full:https://registry.npmjs.org/abbrev cache-miss
1168 http fetch GET 200 https://registry.npmjs.org/agent-base 75ms (cache miss)
1169 silly packumentCache full:https://registry.npmjs.org/agent-base set size:undefined disposed:false
1170 http fetch GET 200 https://registry.npmjs.org/abbrev 82ms (cache miss)
1171 silly packumentCache full:https://registry.npmjs.org/abbrev set size:undefined disposed:false
1172 silly placeDep ROOT @types/estree@1.0.9 OK for: @rollup/pluginutils@5.4.0 want: ^1.0.0
1173 silly placeDep ROOT @edge-runtime/node-utils@2.3.0 OK for: @vercel/node@13.0.1 want: 2.3.0
1174 silly placeDep ROOT @edge-runtime/primitives@4.1.0 OK for: @vercel/node@13.0.1 want: 4.1.0
1175 silly placeDep ROOT @edge-runtime/vm@3.2.0 OK for: @vercel/node@13.0.1 want: 3.2.0
1176 silly placeDep ROOT @types/node@20.11.0 OK for: @vercel/node@13.0.1 want: 20.11.0
1177 silly placeDep ROOT @vercel/error-utils@2.2.1 OK for: @vercel/node@13.0.1 want: 2.2.1
1178 silly placeDep ROOT edge-runtime@2.5.9 OK for: @vercel/node@13.0.1 want: 2.5.9
1179 silly placeDep node_modules/@vercel/node es-module-lexer@1.4.1 OK for: @vercel/node@13.0.1 want: 1.4.1
1180 silly placeDep ROOT etag@1.8.1 OK for: @vercel/node@13.0.1 want: 1.8.1
1181 silly placeDep ROOT mime-types@2.1.35 OK for: @vercel/node@13.0.1 want: 2.1.35
1182 silly placeDep node_modules/@vercel/node node-fetch@2.6.9 OK for: @vercel/node@13.0.1 want: 2.6.9
1183 silly placeDep node_modules/@vercel/node path-to-regexp@6.1.0 OK for: @vercel/node@13.0.1 want: 6.1.0
1184 silly placeDep ROOT path-to-regexp-updated@6.3.0 OK for: @vercel/node@13.0.1 want: npm:path-to-regexp@6.3.0
1185 silly placeDep ROOT typescript@5.9.3 OK for: @vercel/node@13.0.1 want: npm:typescript@5.9.3
1186 silly placeDep node_modules/@vercel/node undici@5.28.4 OK for: @vercel/node@13.0.1 want: 5.28.4
1187 silly fetch manifest undici-types@~5.26.4
1188 silly packumentCache full:https://registry.npmjs.org/undici-types cache-miss
1189 silly fetch manifest mri@1.2.0
1190 silly packumentCache full:https://registry.npmjs.org/mri cache-miss
1191 silly fetch manifest pretty-ms@7.0.1
1192 silly packumentCache full:https://registry.npmjs.org/pretty-ms cache-miss
1193 silly fetch manifest time-span@4.0.0
1194 silly packumentCache full:https://registry.npmjs.org/time-span cache-miss
1195 silly fetch manifest picocolors@1.0.0
1196 silly packumentCache full:https://registry.npmjs.org/picocolors cache-miss
1197 silly fetch manifest signal-exit@4.0.2
1198 silly packumentCache full:https://registry.npmjs.org/signal-exit cache-miss
1199 silly fetch manifest async-listen@3.0.1
1200 silly packumentCache full:https://registry.npmjs.org/async-listen cache-hit
1201 silly fetch manifest @edge-runtime/format@2.2.1
1202 silly packumentCache full:https://registry.npmjs.org/@edge-runtime%2fformat cache-miss
1203 silly fetch manifest @edge-runtime/ponyfill@2.4.2
1204 silly packumentCache full:https://registry.npmjs.org/@edge-runtime%2fponyfill cache-miss
1205 silly fetch manifest mime-db@1.52.0
1206 silly packumentCache full:https://registry.npmjs.org/mime-db cache-miss
1207 http cache https://registry.npmjs.org/signal-exit 10ms (cache hit)
1208 silly packumentCache full:https://registry.npmjs.org/signal-exit set size:53489 disposed:false
1209 http fetch GET 200 https://registry.npmjs.org/pretty-ms 120ms (cache miss)
1210 silly packumentCache full:https://registry.npmjs.org/pretty-ms set size:undefined disposed:false
1211 http fetch GET 200 https://registry.npmjs.org/time-span 126ms (cache miss)
1212 silly packumentCache full:https://registry.npmjs.org/time-span set size:undefined disposed:false
1213 http fetch GET 200 https://registry.npmjs.org/picocolors 128ms (cache miss)
1214 silly packumentCache full:https://registry.npmjs.org/picocolors set size:undefined disposed:false
1215 http fetch GET 200 https://registry.npmjs.org/mime-db 140ms (cache miss)
1216 silly packumentCache full:https://registry.npmjs.org/mime-db set size:undefined disposed:false
1217 http fetch GET 200 https://registry.npmjs.org/undici-types 146ms (cache miss)
1218 silly packumentCache full:https://registry.npmjs.org/undici-types set size:undefined disposed:false
1219 http fetch GET 200 https://registry.npmjs.org/@edge-runtime%2fponyfill 148ms (cache miss)
1220 silly packumentCache full:https://registry.npmjs.org/@edge-runtime%2fponyfill set size:undefined disposed:false
1221 http fetch GET 200 https://registry.npmjs.org/mri 150ms (cache miss)
1222 silly packumentCache full:https://registry.npmjs.org/mri set size:undefined disposed:false
1223 http fetch GET 200 https://registry.npmjs.org/@edge-runtime%2fformat 152ms (cache miss)
1224 silly packumentCache full:https://registry.npmjs.org/@edge-runtime%2fformat set size:undefined disposed:false
1225 silly placeDep ROOT undici-types@5.26.5 OK for: @types/node@20.11.0 want: ~5.26.4
1226 silly placeDep ROOT @vercel/cli-exec@1.0.1 OK for: @vercel/oidc@3.8.7 want: 1.0.1
1227 silly fetch manifest execa@5.1.1
1228 silly packumentCache full:https://registry.npmjs.org/execa cache-hit
1229 silly placeDep node_modules/@vercel/cli-exec execa@5.1.1 OK for: @vercel/cli-exec@1.0.1 want: 5.1.1
1230 silly fetch manifest onetime@^5.1.2
1231 silly packumentCache full:https://registry.npmjs.org/onetime cache-miss
1232 silly fetch manifest get-stream@^6.0.0
1233 silly packumentCache full:https://registry.npmjs.org/get-stream cache-miss
1234 silly fetch manifest cross-spawn@^7.0.3
1235 silly packumentCache full:https://registry.npmjs.org/cross-spawn cache-miss
1236 silly fetch manifest signal-exit@^3.0.3
1237 silly packumentCache full:https://registry.npmjs.org/signal-exit cache-hit
1238 silly fetch manifest npm-run-path@^4.0.1
1239 silly packumentCache full:https://registry.npmjs.org/npm-run-path cache-miss
1240 silly fetch manifest human-signals@^2.1.0
1241 silly packumentCache full:https://registry.npmjs.org/human-signals cache-miss
1242 http cache https://registry.npmjs.org/onetime 8ms (cache hit)
1243 silly packumentCache full:https://registry.npmjs.org/onetime set size:32314 disposed:false
1244 http cache https://registry.npmjs.org/get-stream 9ms (cache hit)
1245 silly packumentCache full:https://registry.npmjs.org/get-stream set size:57536 disposed:false
1246 http cache https://registry.npmjs.org/npm-run-path 9ms (cache hit)
1247 silly packumentCache full:https://registry.npmjs.org/npm-run-path set size:33596 disposed:false
1248 http cache https://registry.npmjs.org/human-signals 9ms (cache hit)
1249 silly packumentCache full:https://registry.npmjs.org/human-signals set size:47322 disposed:false
1250 http cache https://registry.npmjs.org/cross-spawn 12ms (cache hit)
1251 silly packumentCache full:https://registry.npmjs.org/cross-spawn set size:109066 disposed:false
1252 silly placeDep ROOT @bytecodealliance/preview2-shim@0.17.6 OK for: @vercel/python-analysis@0.14.0 want: 0.17.6
1253 silly placeDep ROOT @renovatebot/pep440@4.2.1 OK for: @vercel/python-analysis@0.14.0 want: 4.2.1
1254 silly placeDep node_modules/@vercel/python-analysis fs-extra@11.1.1 OK for: @vercel/python-analysis@0.14.0 want: 11.1.1
1255 silly placeDep ROOT js-yaml@4.1.1 OK for: @vercel/python-analysis@0.14.0 want: 4.1.1
1256 silly placeDep ROOT minimatch@10.1.1 OK for: @vercel/python-analysis@0.14.0 want: 10.1.1
1257 silly placeDep node_modules/@vercel/python-analysis zod@3.22.4 OK for: @vercel/python-analysis@0.14.0 want: 3.22.4
1258 silly fetch manifest argparse@^2.0.1
1259 silly packumentCache full:https://registry.npmjs.org/argparse cache-miss
1260 silly fetch manifest @isaacs/brace-expansion@^5.0.0
1261 silly packumentCache full:https://registry.npmjs.org/@isaacs%2fbrace-expansion cache-miss
1262 http fetch GET 200 https://registry.npmjs.org/argparse 68ms (cache miss)
1263 silly packumentCache full:https://registry.npmjs.org/argparse set size:undefined disposed:false
1264 http fetch GET 200 https://registry.npmjs.org/@isaacs%2fbrace-expansion 171ms (cache miss)
1265 silly packumentCache full:https://registry.npmjs.org/@isaacs%2fbrace-expansion set size:undefined disposed:false
1266 silly placeDep node_modules/@vercel/redwood semver@6.3.1 OK for: @vercel/redwood@10.0.1 want: 6.3.1
1267 silly placeDep node_modules/@vercel/remix-builder path-to-regexp@6.1.0 OK for: @vercel/remix-builder@13.0.1 want: 6.1.0
1268 silly placeDep node_modules/@vercel/rust execa@5.1.1 OK for: @vercel/rust@9.0.1 want: 5
1269 silly placeDep ROOT @vercel/gatsby-plugin-vercel-analytics@1.0.12 OK for: @vercel/static-build@10.0.1 want: 1.0.12
1270 silly placeDep ROOT @vercel/gatsby-plugin-vercel-builder@2.2.57 OK for: @vercel/static-build@10.0.1 want: 2.2.57
1271 silly fetch manifest web-vitals@0.2.4
1272 silly packumentCache full:https://registry.npmjs.org/web-vitals cache-miss
1273 silly fetch manifest @sinclair/typebox@0.25.24
1274 silly packumentCache full:https://registry.npmjs.org/@sinclair%2ftypebox cache-miss
1275 http fetch GET 200 https://registry.npmjs.org/web-vitals 95ms (cache miss)
1276 silly packumentCache full:https://registry.npmjs.org/web-vitals set size:undefined disposed:false
1277 http fetch GET 200 https://registry.npmjs.org/@sinclair%2ftypebox 224ms (cache miss)
1278 silly packumentCache full:https://registry.npmjs.org/@sinclair%2ftypebox set size:undefined disposed:false
1279 silly placeDep ROOT web-vitals@0.2.4 OK for: @vercel/gatsby-plugin-vercel-analytics@1.0.12 want: 0.2.4
1280 silly placeDep ROOT @sinclair/typebox@0.25.24 OK for: @vercel/gatsby-plugin-vercel-builder@2.2.57 want: 0.25.24
1281 silly placeDep ROOT ajv@8.6.3 OK for: @vercel/static-config@3.4.3 want: 8.6.3
1282 silly placeDep ROOT json-schema-to-ts@1.6.4 OK for: @vercel/static-config@3.4.3 want: 1.6.4
1283 silly placeDep ROOT oxc-parser@0.121.0 OK for: @vercel/static-config@3.4.3 want: 0.121.0
1284 silly fetch manifest uri-js@^4.2.2
1285 silly packumentCache full:https://registry.npmjs.org/uri-js cache-miss
1286 silly fetch manifest fast-deep-equal@^3.1.1
1287 silly packumentCache full:https://registry.npmjs.org/fast-deep-equal cache-miss
1288 silly fetch manifest require-from-string@^2.0.2
1289 silly packumentCache full:https://registry.npmjs.org/require-from-string cache-miss
1290 silly fetch manifest json-schema-traverse@^1.0.0
1291 silly packumentCache full:https://registry.npmjs.org/json-schema-traverse cache-miss
1292 silly fetch manifest ts-toolbelt@^6.15.5
1293 silly packumentCache full:https://registry.npmjs.org/ts-toolbelt cache-miss
1294 silly fetch manifest @types/json-schema@^7.0.6
1295 silly packumentCache full:https://registry.npmjs.org/@types%2fjson-schema cache-miss
1296 silly fetch manifest @oxc-project/types@^0.121.0
1297 silly packumentCache full:https://registry.npmjs.org/@oxc-project%2ftypes cache-miss
1298 silly fetch manifest @oxc-parser/binding-darwin-x64@0.121.0
1299 silly packumentCache full:https://registry.npmjs.org/@oxc-parser%2fbinding-darwin-x64 cache-miss
1300 silly fetch manifest @oxc-parser/binding-freebsd-x64@0.121.0
1301 silly packumentCache full:https://registry.npmjs.org/@oxc-parser%2fbinding-freebsd-x64 cache-miss
1302 silly fetch manifest @oxc-parser/binding-wasm32-wasi@0.121.0
1303 silly packumentCache full:https://registry.npmjs.org/@oxc-parser%2fbinding-wasm32-wasi cache-miss
1304 silly fetch manifest @oxc-parser/binding-darwin-arm64@0.121.0
1305 silly packumentCache full:https://registry.npmjs.org/@oxc-parser%2fbinding-darwin-arm64 cache-miss
1306 http cache https://registry.npmjs.org/@oxc-project%2ftypes 10ms (cache hit)
1307 silly packumentCache full:https://registry.npmjs.org/@oxc-project%2ftypes set size:256836 disposed:false
1308 silly fetch manifest @oxc-parser/binding-android-arm64@0.121.0
1309 silly packumentCache full:https://registry.npmjs.org/@oxc-parser%2fbinding-android-arm64 cache-miss
1310 http fetch GET 200 https://registry.npmjs.org/uri-js 60ms (cache miss)
1311 silly packumentCache full:https://registry.npmjs.org/uri-js set size:undefined disposed:false
1312 silly fetch manifest @oxc-parser/binding-linux-x64-gnu@0.121.0
1313 silly packumentCache full:https://registry.npmjs.org/@oxc-parser%2fbinding-linux-x64-gnu cache-miss
1314 http fetch GET 200 https://registry.npmjs.org/json-schema-traverse 95ms (cache miss)
1315 silly packumentCache full:https://registry.npmjs.org/json-schema-traverse set size:undefined disposed:false
1316 silly fetch manifest @oxc-parser/binding-linux-x64-musl@0.121.0
1317 silly packumentCache full:https://registry.npmjs.org/@oxc-parser%2fbinding-linux-x64-musl cache-miss
1318 http fetch GET 200 https://registry.npmjs.org/@types%2fjson-schema 137ms (cache miss)
1319 silly packumentCache full:https://registry.npmjs.org/@types%2fjson-schema set size:undefined disposed:false
1320 silly fetch manifest @oxc-parser/binding-win32-x64-msvc@0.121.0
1321 silly packumentCache full:https://registry.npmjs.org/@oxc-parser%2fbinding-win32-x64-msvc cache-miss
1322 http fetch GET 200 https://registry.npmjs.org/fast-deep-equal 140ms (cache miss)
1323 silly packumentCache full:https://registry.npmjs.org/fast-deep-equal set size:undefined disposed:false
1324 silly fetch manifest @oxc-parser/binding-linux-arm64-gnu@0.121.0
1325 silly packumentCache full:https://registry.npmjs.org/@oxc-parser%2fbinding-linux-arm64-gnu cache-miss
1326 http fetch GET 200 https://registry.npmjs.org/require-from-string 142ms (cache miss)
1327 silly packumentCache full:https://registry.npmjs.org/require-from-string set size:undefined disposed:false
1328 silly fetch manifest @oxc-parser/binding-linux-ppc64-gnu@0.121.0
1329 silly packumentCache full:https://registry.npmjs.org/@oxc-parser%2fbinding-linux-ppc64-gnu cache-miss
1330 http fetch GET 200 https://registry.npmjs.org/@oxc-parser%2fbinding-freebsd-x64 159ms (cache miss)
1331 silly packumentCache full:https://registry.npmjs.org/@oxc-parser%2fbinding-freebsd-x64 set size:undefined disposed:false
1332 silly fetch manifest @oxc-parser/binding-linux-s390x-gnu@0.121.0
1333 silly packumentCache full:https://registry.npmjs.org/@oxc-parser%2fbinding-linux-s390x-gnu cache-miss
1334 http fetch GET 200 https://registry.npmjs.org/@oxc-parser%2fbinding-android-arm64 229ms (cache miss)
1335 silly packumentCache full:https://registry.npmjs.org/@oxc-parser%2fbinding-android-arm64 set size:undefined disposed:false
1336 silly fetch manifest @oxc-parser/binding-win32-ia32-msvc@0.121.0
1337 silly packumentCache full:https://registry.npmjs.org/@oxc-parser%2fbinding-win32-ia32-msvc cache-miss
1338 http fetch GET 200 https://registry.npmjs.org/@oxc-parser%2fbinding-darwin-x64 255ms (cache miss)
1339 silly packumentCache full:https://registry.npmjs.org/@oxc-parser%2fbinding-darwin-x64 set size:undefined disposed:false
1340 silly fetch manifest @oxc-parser/binding-android-arm-eabi@0.121.0
1341 silly packumentCache full:https://registry.npmjs.org/@oxc-parser%2fbinding-android-arm-eabi cache-miss
1342 http fetch GET 200 https://registry.npmjs.org/@oxc-parser%2fbinding-wasm32-wasi 260ms (cache miss)
1343 silly packumentCache full:https://registry.npmjs.org/@oxc-parser%2fbinding-wasm32-wasi set size:undefined disposed:false
1344 silly fetch manifest @oxc-parser/binding-linux-arm64-musl@0.121.0
1345 silly packumentCache full:https://registry.npmjs.org/@oxc-parser%2fbinding-linux-arm64-musl cache-miss
1346 http fetch GET 200 https://registry.npmjs.org/@oxc-parser%2fbinding-linux-x64-gnu 213ms (cache miss)
1347 silly packumentCache full:https://registry.npmjs.org/@oxc-parser%2fbinding-linux-x64-gnu set size:undefined disposed:false
1348 silly fetch manifest @oxc-parser/binding-win32-arm64-msvc@0.121.0
1349 silly packumentCache full:https://registry.npmjs.org/@oxc-parser%2fbinding-win32-arm64-msvc cache-miss
1350 http fetch GET 200 https://registry.npmjs.org/@oxc-parser%2fbinding-darwin-arm64 437ms (cache miss)
1351 silly packumentCache full:https://registry.npmjs.org/@oxc-parser%2fbinding-darwin-arm64 set size:undefined disposed:false
1352 silly fetch manifest @oxc-parser/binding-linux-riscv64-gnu@0.121.0
1353 silly packumentCache full:https://registry.npmjs.org/@oxc-parser%2fbinding-linux-riscv64-gnu cache-miss
1354 http fetch GET 200 https://registry.npmjs.org/@oxc-parser%2fbinding-win32-x64-msvc 319ms (cache miss)
1355 silly packumentCache full:https://registry.npmjs.org/@oxc-parser%2fbinding-win32-x64-msvc set size:undefined disposed:false
1356 silly fetch manifest @oxc-parser/binding-openharmony-arm64@0.121.0
1357 silly packumentCache full:https://registry.npmjs.org/@oxc-parser%2fbinding-openharmony-arm64 cache-miss
1358 http fetch GET 200 https://registry.npmjs.org/@oxc-parser%2fbinding-linux-s390x-gnu 302ms (cache miss)
1359 silly packumentCache full:https://registry.npmjs.org/@oxc-parser%2fbinding-linux-s390x-gnu set size:undefined disposed:false
1360 silly fetch manifest @oxc-parser/binding-linux-riscv64-musl@0.121.0
1361 silly packumentCache full:https://registry.npmjs.org/@oxc-parser%2fbinding-linux-riscv64-musl cache-miss
1362 http fetch GET 200 https://registry.npmjs.org/@oxc-parser%2fbinding-linux-arm64-gnu 337ms (cache miss)
1363 silly packumentCache full:https://registry.npmjs.org/@oxc-parser%2fbinding-linux-arm64-gnu set size:undefined disposed:false
1364 silly fetch manifest @oxc-parser/binding-linux-arm-gnueabihf@0.121.0
1365 silly packumentCache full:https://registry.npmjs.org/@oxc-parser%2fbinding-linux-arm-gnueabihf cache-miss
1366 http fetch GET 200 https://registry.npmjs.org/@oxc-parser%2fbinding-linux-arm64-musl 249ms (cache miss)
1367 silly packumentCache full:https://registry.npmjs.org/@oxc-parser%2fbinding-linux-arm64-musl set size:undefined disposed:false
1368 silly fetch manifest @oxc-parser/binding-linux-arm-musleabihf@0.121.0
1369 silly packumentCache full:https://registry.npmjs.org/@oxc-parser%2fbinding-linux-arm-musleabihf cache-miss
1370 http fetch GET 200 https://registry.npmjs.org/@oxc-parser%2fbinding-win32-ia32-msvc 274ms (cache miss)
1371 silly packumentCache full:https://registry.npmjs.org/@oxc-parser%2fbinding-win32-ia32-msvc set size:undefined disposed:false
1372 http fetch GET 200 https://registry.npmjs.org/@oxc-parser%2fbinding-android-arm-eabi 260ms (cache miss)
1373 silly packumentCache full:https://registry.npmjs.org/@oxc-parser%2fbinding-android-arm-eabi set size:undefined disposed:false
1374 http fetch GET 200 https://registry.npmjs.org/@oxc-parser%2fbinding-win32-arm64-msvc 264ms (cache miss)
1375 silly packumentCache full:https://registry.npmjs.org/@oxc-parser%2fbinding-win32-arm64-msvc set size:undefined disposed:false
1376 http fetch GET 200 https://registry.npmjs.org/@oxc-parser%2fbinding-linux-x64-musl 523ms (cache miss)
1377 silly packumentCache full:https://registry.npmjs.org/@oxc-parser%2fbinding-linux-x64-musl set size:undefined disposed:false
1378 http fetch GET 200 https://registry.npmjs.org/@oxc-parser%2fbinding-openharmony-arm64 162ms (cache miss)
1379 silly packumentCache full:https://registry.npmjs.org/@oxc-parser%2fbinding-openharmony-arm64 set size:undefined disposed:false
1380 http fetch GET 200 https://registry.npmjs.org/@oxc-parser%2fbinding-linux-riscv64-musl 162ms (cache miss)
1381 silly packumentCache full:https://registry.npmjs.org/@oxc-parser%2fbinding-linux-riscv64-musl set size:undefined disposed:false
1382 http fetch GET 200 https://registry.npmjs.org/@oxc-parser%2fbinding-linux-arm-gnueabihf 150ms (cache miss)
1383 silly packumentCache full:https://registry.npmjs.org/@oxc-parser%2fbinding-linux-arm-gnueabihf set size:undefined disposed:false
1384 http fetch GET 200 https://registry.npmjs.org/@oxc-parser%2fbinding-linux-arm-musleabihf 119ms (cache miss)
1385 silly packumentCache full:https://registry.npmjs.org/@oxc-parser%2fbinding-linux-arm-musleabihf set size:undefined disposed:false
1386 http fetch GET 200 https://registry.npmjs.org/@oxc-parser%2fbinding-linux-riscv64-gnu 282ms (cache miss)
1387 silly packumentCache full:https://registry.npmjs.org/@oxc-parser%2fbinding-linux-riscv64-gnu set size:undefined disposed:false
1388 http fetch GET 200 https://registry.npmjs.org/@oxc-parser%2fbinding-linux-ppc64-gnu 986ms (cache miss)
1389 silly packumentCache full:https://registry.npmjs.org/@oxc-parser%2fbinding-linux-ppc64-gnu set size:undefined disposed:false
1390 http fetch GET 200 https://registry.npmjs.org/ts-toolbelt 1136ms (cache miss)
1391 silly packumentCache full:https://registry.npmjs.org/ts-toolbelt set size:undefined disposed:false
1392 silly placeDep ROOT fast-deep-equal@3.1.3 OK for: ajv@8.6.3 want: ^3.1.1
1393 silly placeDep ROOT json-schema-traverse@1.0.0 OK for: ajv@8.6.3 want: ^1.0.0
1394 silly placeDep ROOT require-from-string@2.0.2 OK for: ajv@8.6.3 want: ^2.0.2
1395 silly placeDep ROOT uri-js@4.4.1 OK for: ajv@8.6.3 want: ^4.2.2
1396 silly fetch manifest punycode@^2.1.0
1397 silly packumentCache full:https://registry.npmjs.org/punycode cache-miss
1398 http fetch GET 200 https://registry.npmjs.org/punycode 60ms (cache miss)
1399 silly packumentCache full:https://registry.npmjs.org/punycode set size:undefined disposed:false
1400 silly placeDep ROOT retry@0.13.1 OK for: async-retry@1.3.3 want: 0.13.1
1401 silly placeDep ROOT file-uri-to-path@1.0.0 OK for: bindings@1.5.0 want: 1.0.0
1402 silly placeDep ROOT readdirp@4.1.2 OK for: chokidar@4.0.0 want: ^4.0.1
1403 silly placeDep node_modules/debug ms@2.1.2 OK for: debug@4.3.4 want: 2.1.2
1404 silly placeDep ROOT @edge-runtime/format@2.2.1 OK for: edge-runtime@2.5.9 want: 2.2.1
1405 silly placeDep ROOT @edge-runtime/ponyfill@2.4.2 OK for: edge-runtime@2.5.9 want: 2.4.2
1406 silly placeDep node_modules/edge-runtime async-listen@3.0.1 OK for: edge-runtime@2.5.9 want: 3.0.1
1407 silly placeDep ROOT mri@1.2.0 OK for: edge-runtime@2.5.9 want: 1.2.0
1408 silly placeDep ROOT picocolors@1.0.0 OK for: edge-runtime@2.5.9 want: 1.0.0
1409 silly placeDep ROOT pretty-ms@7.0.1 OK for: edge-runtime@2.5.9 want: 7.0.1
1410 silly placeDep ROOT signal-exit@4.0.2 OK for: edge-runtime@2.5.9 want: 4.0.2
1411 silly placeDep ROOT time-span@4.0.0 OK for: edge-runtime@2.5.9 want: 4.0.0
1412 silly fetch manifest parse-ms@^2.1.0
1413 silly packumentCache full:https://registry.npmjs.org/parse-ms cache-miss
1414 silly fetch manifest convert-hrtime@^3.0.0
1415 silly packumentCache full:https://registry.npmjs.org/convert-hrtime cache-miss
1416 http fetch GET 200 https://registry.npmjs.org/convert-hrtime 75ms (cache miss)
1417 silly packumentCache full:https://registry.npmjs.org/convert-hrtime set size:undefined disposed:false
1418 http fetch GET 200 https://registry.npmjs.org/parse-ms 241ms (cache miss)
1419 silly packumentCache full:https://registry.npmjs.org/parse-ms set size:undefined disposed:false
1420 silly placeDep ROOT @esbuild/aix-ppc64@0.27.0 OK for: esbuild@0.27.0 want: 0.27.0
1421 silly placeDep ROOT @esbuild/android-arm@0.27.0 OK for: esbuild@0.27.0 want: 0.27.0
1422 silly placeDep ROOT @esbuild/android-arm64@0.27.0 OK for: esbuild@0.27.0 want: 0.27.0
1423 silly placeDep ROOT @esbuild/android-x64@0.27.0 OK for: esbuild@0.27.0 want: 0.27.0
1424 silly placeDep ROOT @esbuild/darwin-arm64@0.27.0 OK for: esbuild@0.27.0 want: 0.27.0
1425 silly placeDep ROOT @esbuild/darwin-x64@0.27.0 OK for: esbuild@0.27.0 want: 0.27.0
1426 silly placeDep ROOT @esbuild/freebsd-arm64@0.27.0 OK for: esbuild@0.27.0 want: 0.27.0
1427 silly placeDep ROOT @esbuild/freebsd-x64@0.27.0 OK for: esbuild@0.27.0 want: 0.27.0
1428 silly placeDep ROOT @esbuild/linux-arm@0.27.0 OK for: esbuild@0.27.0 want: 0.27.0
1429 silly placeDep ROOT @esbuild/linux-arm64@0.27.0 OK for: esbuild@0.27.0 want: 0.27.0
1430 silly placeDep ROOT @esbuild/linux-ia32@0.27.0 OK for: esbuild@0.27.0 want: 0.27.0
1431 silly placeDep ROOT @esbuild/linux-loong64@0.27.0 OK for: esbuild@0.27.0 want: 0.27.0
1432 silly placeDep ROOT @esbuild/linux-mips64el@0.27.0 OK for: esbuild@0.27.0 want: 0.27.0
1433 silly placeDep ROOT @esbuild/linux-ppc64@0.27.0 OK for: esbuild@0.27.0 want: 0.27.0
1434 silly placeDep ROOT @esbuild/linux-riscv64@0.27.0 OK for: esbuild@0.27.0 want: 0.27.0
1435 silly placeDep ROOT @esbuild/linux-s390x@0.27.0 OK for: esbuild@0.27.0 want: 0.27.0
1436 silly placeDep ROOT @esbuild/linux-x64@0.27.0 OK for: esbuild@0.27.0 want: 0.27.0
1437 silly placeDep ROOT @esbuild/netbsd-arm64@0.27.0 OK for: esbuild@0.27.0 want: 0.27.0
1438 silly placeDep ROOT @esbuild/netbsd-x64@0.27.0 OK for: esbuild@0.27.0 want: 0.27.0
1439 silly placeDep ROOT @esbuild/openbsd-arm64@0.27.0 OK for: esbuild@0.27.0 want: 0.27.0
1440 silly placeDep ROOT @esbuild/openbsd-x64@0.27.0 OK for: esbuild@0.27.0 want: 0.27.0
1441 silly placeDep ROOT @esbuild/openharmony-arm64@0.27.0 OK for: esbuild@0.27.0 want: 0.27.0
1442 silly placeDep ROOT @esbuild/sunos-x64@0.27.0 OK for: esbuild@0.27.0 want: 0.27.0
1443 silly placeDep ROOT @esbuild/win32-arm64@0.27.0 OK for: esbuild@0.27.0 want: 0.27.0
1444 silly placeDep ROOT @esbuild/win32-ia32@0.27.0 OK for: esbuild@0.27.0 want: 0.27.0
1445 silly placeDep ROOT @esbuild/win32-x64@0.27.0 OK for: esbuild@0.27.0 want: 0.27.0
1446 silly placeDep ROOT cross-spawn@7.0.6 OK for: execa@3.2.0 want: ^7.0.0
1447 silly placeDep ROOT get-stream@5.2.0 OK for: execa@3.2.0 want: ^5.0.0
1448 silly placeDep ROOT human-signals@1.1.1 OK for: execa@3.2.0 want: ^1.1.1
1449 silly placeDep ROOT is-stream@2.0.1 OK for: execa@3.2.0 want: ^2.0.0
1450 silly placeDep ROOT merge-stream@2.0.0 OK for: execa@3.2.0 want: ^2.0.0
1451 silly placeDep ROOT npm-run-path@4.0.1 OK for: execa@3.2.0 want: ^4.0.0
1452 silly placeDep ROOT onetime@5.1.2 OK for: execa@3.2.0 want: ^5.1.0
1453 silly placeDep ROOT p-finally@2.0.1 OK for: execa@3.2.0 want: ^2.0.0
1454 silly placeDep node_modules/execa signal-exit@3.0.7 OK for: execa@3.2.0 want: ^3.0.2
1455 silly placeDep ROOT strip-final-newline@2.0.0 OK for: execa@3.2.0 want: ^2.0.0
1456 silly fetch manifest which@^2.0.1
1457 silly packumentCache full:https://registry.npmjs.org/which cache-miss
1458 silly fetch manifest path-key@^3.1.0
1459 silly packumentCache full:https://registry.npmjs.org/path-key cache-miss
1460 silly fetch manifest shebang-command@^2.0.0
1461 silly packumentCache full:https://registry.npmjs.org/shebang-command cache-miss
1462 silly fetch manifest pump@^3.0.0
1463 silly packumentCache full:https://registry.npmjs.org/pump cache-miss
1464 silly fetch manifest path-key@^3.0.0
1465 silly packumentCache full:https://registry.npmjs.org/path-key cache-miss
1466 silly fetch manifest mimic-fn@^2.1.0
1467 silly packumentCache full:https://registry.npmjs.org/mimic-fn cache-miss
1468 http fetch GET 200 https://registry.npmjs.org/path-key 63ms (cache miss)
1469 silly packumentCache full:https://registry.npmjs.org/path-key set size:undefined disposed:false
1470 http fetch GET 200 https://registry.npmjs.org/which 65ms (cache miss)
1471 silly packumentCache full:https://registry.npmjs.org/which set size:undefined disposed:false
1472 http fetch GET 200 https://registry.npmjs.org/mimic-fn 81ms (cache miss)
1473 silly packumentCache full:https://registry.npmjs.org/mimic-fn set size:undefined disposed:false
1474 http fetch GET 200 https://registry.npmjs.org/pump 83ms (cache miss)
1475 silly packumentCache full:https://registry.npmjs.org/pump set size:undefined disposed:false
1476 http fetch GET 200 https://registry.npmjs.org/path-key 95ms (cache miss)
1477 silly packumentCache full:https://registry.npmjs.org/path-key set size:undefined disposed:false
1478 http fetch GET 200 https://registry.npmjs.org/shebang-command 222ms (cache miss)
1479 silly packumentCache full:https://registry.npmjs.org/shebang-command set size:undefined disposed:false
1480 silly placeDep ROOT path-key@3.1.1 OK for: cross-spawn@7.0.6 want: ^3.1.0
1481 silly placeDep ROOT shebang-command@2.0.0 OK for: cross-spawn@7.0.6 want: ^2.0.0
1482 silly placeDep ROOT which@2.0.2 OK for: cross-spawn@7.0.6 want: ^2.0.1
1483 silly fetch manifest shebang-regex@^3.0.0
1484 silly packumentCache full:https://registry.npmjs.org/shebang-regex cache-miss
1485 silly fetch manifest isexe@^2.0.0
1486 silly packumentCache full:https://registry.npmjs.org/isexe cache-miss
1487 http fetch GET 200 https://registry.npmjs.org/shebang-regex 168ms (cache miss)
1488 silly packumentCache full:https://registry.npmjs.org/shebang-regex set size:undefined disposed:false
1489 http fetch GET 200 https://registry.npmjs.org/isexe 361ms (cache miss)
1490 silly packumentCache full:https://registry.npmjs.org/isexe set size:undefined disposed:false
1491 silly placeDep ROOT jsonfile@6.2.1 OK for: fs-extra@11.1.0 want: ^6.0.1
1492 silly placeDep ROOT universalify@2.0.1 OK for: fs-extra@11.1.0 want: ^2.0.0
1493 silly placeDep ROOT pump@3.0.4 OK for: get-stream@5.2.0 want: ^3.0.0
1494 silly fetch manifest end-of-stream@^1.1.0
1495 silly packumentCache full:https://registry.npmjs.org/end-of-stream cache-miss
1496 silly fetch manifest once@^1.3.1
1497 silly packumentCache full:https://registry.npmjs.org/once cache-miss
1498 http cache https://registry.npmjs.org/end-of-stream 5ms (cache hit)
1499 silly packumentCache full:https://registry.npmjs.org/end-of-stream set size:27842 disposed:false
1500 http fetch GET 200 https://registry.npmjs.org/once 480ms (cache miss)
1501 silly packumentCache full:https://registry.npmjs.org/once set size:undefined disposed:false
1502 silly placeDep node_modules/glob minimatch@10.2.6 OK for: glob@13.0.6 want: ^10.2.2
1503 silly placeDep ROOT minipass@7.1.3 OK for: glob@13.0.6 want: ^7.1.3
1504 silly placeDep ROOT path-scurry@2.0.2 OK for: glob@13.0.6 want: ^2.0.2
1505 silly fetch manifest brace-expansion@^5.0.8
1506 silly packumentCache full:https://registry.npmjs.org/brace-expansion cache-miss
1507 silly fetch manifest lru-cache@^11.0.0
1508 silly packumentCache full:https://registry.npmjs.org/lru-cache cache-miss
1509 http cache https://registry.npmjs.org/lru-cache 5ms (cache hit)
1510 silly packumentCache full:https://registry.npmjs.org/lru-cache set size:460407 disposed:false
1511 http fetch GET 200 https://registry.npmjs.org/brace-expansion 88ms (cache miss)
1512 silly packumentCache full:https://registry.npmjs.org/brace-expansion set size:undefined disposed:false
1513 silly placeDep ROOT agent-base@7.1.4 OK for: https-proxy-agent@7.0.6 want: ^7.1.2
1514 silly placeDep ROOT argparse@2.0.1 OK for: js-yaml@4.1.1 want: ^2.0.1
1515 silly placeDep ROOT @types/json-schema@7.0.15 OK for: json-schema-to-ts@1.6.4 want: ^7.0.6
1516 silly placeDep ROOT ts-toolbelt@6.15.5 OK for: json-schema-to-ts@1.6.4 want: ^6.15.5
1517 silly placeDep ROOT arg@4.1.0 OK for: micro@9.3.5-canary.3 want: 4.1.0
1518 silly placeDep ROOT content-type@1.0.4 OK for: micro@9.3.5-canary.3 want: 1.0.4
1519 silly placeDep ROOT raw-body@2.4.1 OK for: micro@9.3.5-canary.3 want: 2.4.1
1520 silly fetch manifest bytes@3.1.0
1521 silly packumentCache full:https://registry.npmjs.org/bytes cache-miss
1522 silly fetch manifest unpipe@1.0.0
1523 silly packumentCache full:https://registry.npmjs.org/unpipe cache-miss
1524 silly fetch manifest iconv-lite@0.4.24
1525 silly packumentCache full:https://registry.npmjs.org/iconv-lite cache-miss
1526 silly fetch manifest http-errors@1.7.3
1527 silly packumentCache full:https://registry.npmjs.org/http-errors cache-miss
1528 http fetch GET 200 https://registry.npmjs.org/bytes 74ms (cache miss)
1529 silly packumentCache full:https://registry.npmjs.org/bytes set size:undefined disposed:false
1530 http fetch GET 200 https://registry.npmjs.org/iconv-lite 75ms (cache miss)
1531 silly packumentCache full:https://registry.npmjs.org/iconv-lite set size:undefined disposed:false
1532 http fetch GET 200 https://registry.npmjs.org/http-errors 117ms (cache miss)
1533 silly packumentCache full:https://registry.npmjs.org/http-errors set size:undefined disposed:false
1534 http fetch GET 200 https://registry.npmjs.org/unpipe 118ms (cache miss)
1535 silly packumentCache full:https://registry.npmjs.org/unpipe set size:undefined disposed:false
1536 silly placeDep ROOT mime-db@1.52.0 OK for: mime-types@2.1.35 want: 1.52.0
1537 silly placeDep ROOT @isaacs/brace-expansion@5.0.1 OK for: minimatch@10.1.1 want: ^5.0.0
1538 silly fetch manifest @isaacs/balanced-match@^4.0.1
1539 silly packumentCache full:https://registry.npmjs.org/@isaacs%2fbalanced-match cache-miss
1540 http fetch GET 200 https://registry.npmjs.org/@isaacs%2fbalanced-match 627ms (cache miss)
1541 silly packumentCache full:https://registry.npmjs.org/@isaacs%2fbalanced-match set size:undefined disposed:false
1542 silly placeDep ROOT @isaacs/balanced-match@4.0.1 OK for: @isaacs/brace-expansion@5.0.1 want: ^4.0.1
1543 silly placeDep ROOT whatwg-url@5.0.0 OK for: node-fetch@2.6.7 want: ^5.0.0
1544 silly fetch manifest tr46@~0.0.3
1545 silly packumentCache full:https://registry.npmjs.org/tr46 cache-miss
1546 silly fetch manifest webidl-conversions@^3.0.0
1547 silly packumentCache full:https://registry.npmjs.org/webidl-conversions cache-miss
1548 http fetch GET 200 https://registry.npmjs.org/tr46 64ms (cache miss)
1549 silly packumentCache full:https://registry.npmjs.org/tr46 set size:undefined disposed:false
1550 http fetch GET 200 https://registry.npmjs.org/webidl-conversions 81ms (cache miss)
1551 silly packumentCache full:https://registry.npmjs.org/webidl-conversions set size:undefined disposed:false
1552 silly placeDep ROOT abbrev@3.0.1 OK for: nopt@8.1.0 want: ^3.0.0
1553 silly placeDep ROOT mimic-fn@2.1.0 OK for: onetime@5.1.2 want: ^2.1.0
1554 silly placeDep ROOT define-lazy-prop@2.0.0 OK for: open@8.4.0 want: ^2.0.0
1555 silly placeDep ROOT is-docker@2.2.1 OK for: open@8.4.0 want: ^2.1.1
1556 silly placeDep ROOT is-wsl@2.2.0 OK for: open@8.4.0 want: ^2.2.0
1557 silly placeDep ROOT @oxc-parser/binding-android-arm-eabi@0.121.0 OK for: oxc-parser@0.121.0 want: 0.121.0
1558 silly placeDep ROOT @oxc-parser/binding-android-arm64@0.121.0 OK for: oxc-parser@0.121.0 want: 0.121.0
1559 silly placeDep ROOT @oxc-parser/binding-darwin-arm64@0.121.0 OK for: oxc-parser@0.121.0 want: 0.121.0
1560 silly placeDep ROOT @oxc-parser/binding-darwin-x64@0.121.0 OK for: oxc-parser@0.121.0 want: 0.121.0
1561 silly placeDep ROOT @oxc-parser/binding-freebsd-x64@0.121.0 OK for: oxc-parser@0.121.0 want: 0.121.0
1562 silly placeDep ROOT @oxc-parser/binding-linux-arm-gnueabihf@0.121.0 OK for: oxc-parser@0.121.0 want: 0.121.0
1563 silly placeDep ROOT @oxc-parser/binding-linux-arm-musleabihf@0.121.0 OK for: oxc-parser@0.121.0 want: 0.121.0
1564 silly placeDep ROOT @oxc-parser/binding-linux-arm64-gnu@0.121.0 OK for: oxc-parser@0.121.0 want: 0.121.0
1565 silly placeDep ROOT @oxc-parser/binding-linux-arm64-musl@0.121.0 OK for: oxc-parser@0.121.0 want: 0.121.0
1566 silly placeDep ROOT @oxc-parser/binding-linux-ppc64-gnu@0.121.0 OK for: oxc-parser@0.121.0 want: 0.121.0
1567 silly placeDep ROOT @oxc-parser/binding-linux-riscv64-gnu@0.121.0 OK for: oxc-parser@0.121.0 want: 0.121.0
1568 silly placeDep ROOT @oxc-parser/binding-linux-riscv64-musl@0.121.0 OK for: oxc-parser@0.121.0 want: 0.121.0
1569 silly placeDep ROOT @oxc-parser/binding-linux-s390x-gnu@0.121.0 OK for: oxc-parser@0.121.0 want: 0.121.0
1570 silly placeDep ROOT @oxc-parser/binding-linux-x64-gnu@0.121.0 OK for: oxc-parser@0.121.0 want: 0.121.0
1571 silly placeDep ROOT @oxc-parser/binding-linux-x64-musl@0.121.0 OK for: oxc-parser@0.121.0 want: 0.121.0
1572 silly placeDep ROOT @oxc-parser/binding-openharmony-arm64@0.121.0 OK for: oxc-parser@0.121.0 want: 0.121.0
1573 silly placeDep ROOT @oxc-parser/binding-wasm32-wasi@0.121.0 OK for: oxc-parser@0.121.0 want: 0.121.0
1574 silly placeDep ROOT @oxc-parser/binding-win32-arm64-msvc@0.121.0 OK for: oxc-parser@0.121.0 want: 0.121.0
1575 silly placeDep ROOT @oxc-parser/binding-win32-ia32-msvc@0.121.0 OK for: oxc-parser@0.121.0 want: 0.121.0
1576 silly placeDep ROOT @oxc-parser/binding-win32-x64-msvc@0.121.0 OK for: oxc-parser@0.121.0 want: 0.121.0
1577 silly placeDep ROOT @oxc-project/types@0.121.0 OK for: oxc-parser@0.121.0 want: ^0.121.0
1578 silly fetch manifest @napi-rs/wasm-runtime@^1.1.1
1579 silly packumentCache full:https://registry.npmjs.org/@napi-rs%2fwasm-runtime cache-miss
1580 http fetch GET 200 https://registry.npmjs.org/@napi-rs%2fwasm-runtime 100ms (cache miss)
1581 silly packumentCache full:https://registry.npmjs.org/@napi-rs%2fwasm-runtime set size:undefined disposed:false
1582 silly fetch manifest @emnapi/core@^1.7.1 || ^2.0.0-alpha.4
1583 silly packumentCache full:https://registry.npmjs.org/@emnapi%2fcore cache-miss
1584 http fetch GET 200 https://registry.npmjs.org/@emnapi%2fcore 94ms (cache miss)
1585 silly packumentCache full:https://registry.npmjs.org/@emnapi%2fcore set size:undefined disposed:false
1586 silly fetch manifest @emnapi/runtime@^1.7.1 || ^2.0.0-alpha.4
1587 silly packumentCache full:https://registry.npmjs.org/@emnapi%2fruntime cache-miss
1588 http fetch GET 200 https://registry.npmjs.org/@emnapi%2fruntime 79ms (cache miss)
1589 silly packumentCache full:https://registry.npmjs.org/@emnapi%2fruntime set size:undefined disposed:false
1590 silly placeDep ROOT @napi-rs/wasm-runtime@1.2.4 OK for: @oxc-parser/binding-wasm32-wasi@0.121.0 want: ^1.1.1
1591 silly placeDep ROOT @emnapi/core@1.11.3 OK for: @napi-rs/wasm-runtime@1.2.4 want: ^1.7.1 || ^2.0.0-alpha.4
1592 silly placeDep ROOT @emnapi/runtime@1.11.3 OK for: @napi-rs/wasm-runtime@1.2.4 want: ^1.7.1 || ^2.0.0-alpha.4
1593 silly fetch manifest @tybys/wasm-util@^0.10.3
1594 silly packumentCache full:https://registry.npmjs.org/@tybys%2fwasm-util cache-miss
1595 silly fetch manifest tslib@^2.4.0
1596 silly packumentCache full:https://registry.npmjs.org/tslib cache-miss
1597 silly fetch manifest tslib@^2.4.0
1598 silly packumentCache full:https://registry.npmjs.org/tslib cache-miss
1599 silly fetch manifest @emnapi/wasi-threads@1.2.3
1600 silly packumentCache full:https://registry.npmjs.org/@emnapi%2fwasi-threads cache-miss
1601 http fetch GET 200 https://registry.npmjs.org/@tybys%2fwasm-util 118ms (cache miss)
1602 silly packumentCache full:https://registry.npmjs.org/@tybys%2fwasm-util set size:undefined disposed:false
1603 http fetch GET 200 https://registry.npmjs.org/tslib 119ms (cache miss)
1604 silly packumentCache full:https://registry.npmjs.org/tslib set size:undefined disposed:false
1605 http fetch GET 200 https://registry.npmjs.org/tslib 120ms (cache miss)
1606 silly packumentCache full:https://registry.npmjs.org/tslib set size:undefined disposed:false
1607 http fetch GET 200 https://registry.npmjs.org/@emnapi%2fwasi-threads 556ms (cache miss)
1608 silly packumentCache full:https://registry.npmjs.org/@emnapi%2fwasi-threads set size:undefined disposed:false
1609 silly placeDep ROOT @emnapi/wasi-threads@1.2.3 OK for: @emnapi/core@1.11.3 want: 1.2.3
1610 silly placeDep ROOT tslib@2.8.1 OK for: @emnapi/core@1.11.3 want: ^2.4.0
1611 silly placeDep ROOT @tybys/wasm-util@0.10.4 OK for: @napi-rs/wasm-runtime@1.2.4 want: ^0.10.3
1612 silly placeDep ROOT @oxc-transform/binding-android-arm-eabi@0.111.0 OK for: oxc-transform@0.111.0 want: 0.111.0
1613 silly placeDep ROOT @oxc-transform/binding-android-arm64@0.111.0 OK for: oxc-transform@0.111.0 want: 0.111.0
1614 silly placeDep ROOT @oxc-transform/binding-darwin-arm64@0.111.0 OK for: oxc-transform@0.111.0 want: 0.111.0
1615 silly placeDep ROOT @oxc-transform/binding-darwin-x64@0.111.0 OK for: oxc-transform@0.111.0 want: 0.111.0
1616 silly placeDep ROOT @oxc-transform/binding-freebsd-x64@0.111.0 OK for: oxc-transform@0.111.0 want: 0.111.0
1617 silly placeDep ROOT @oxc-transform/binding-linux-arm-gnueabihf@0.111.0 OK for: oxc-transform@0.111.0 want: 0.111.0
1618 silly placeDep ROOT @oxc-transform/binding-linux-arm-musleabihf@0.111.0 OK for: oxc-transform@0.111.0 want: 0.111.0
1619 silly placeDep ROOT @oxc-transform/binding-linux-arm64-gnu@0.111.0 OK for: oxc-transform@0.111.0 want: 0.111.0
1620 silly placeDep ROOT @oxc-transform/binding-linux-arm64-musl@0.111.0 OK for: oxc-transform@0.111.0 want: 0.111.0
1621 silly placeDep ROOT @oxc-transform/binding-linux-ppc64-gnu@0.111.0 OK for: oxc-transform@0.111.0 want: 0.111.0
1622 silly placeDep ROOT @oxc-transform/binding-linux-riscv64-gnu@0.111.0 OK for: oxc-transform@0.111.0 want: 0.111.0
1623 silly placeDep ROOT @oxc-transform/binding-linux-riscv64-musl@0.111.0 OK for: oxc-transform@0.111.0 want: 0.111.0
1624 silly placeDep ROOT @oxc-transform/binding-linux-s390x-gnu@0.111.0 OK for: oxc-transform@0.111.0 want: 0.111.0
1625 silly placeDep ROOT @oxc-transform/binding-linux-x64-gnu@0.111.0 OK for: oxc-transform@0.111.0 want: 0.111.0
1626 silly placeDep ROOT @oxc-transform/binding-linux-x64-musl@0.111.0 OK for: oxc-transform@0.111.0 want: 0.111.0
1627 silly placeDep ROOT @oxc-transform/binding-openharmony-arm64@0.111.0 OK for: oxc-transform@0.111.0 want: 0.111.0
1628 silly placeDep ROOT @oxc-transform/binding-wasm32-wasi@0.111.0 OK for: oxc-transform@0.111.0 want: 0.111.0
1629 silly placeDep ROOT @oxc-transform/binding-win32-arm64-msvc@0.111.0 OK for: oxc-transform@0.111.0 want: 0.111.0
1630 silly placeDep ROOT @oxc-transform/binding-win32-ia32-msvc@0.111.0 OK for: oxc-transform@0.111.0 want: 0.111.0
1631 silly placeDep ROOT @oxc-transform/binding-win32-x64-msvc@0.111.0 OK for: oxc-transform@0.111.0 want: 0.111.0
1632 silly placeDep ROOT lru-cache@11.5.2 OK for: path-scurry@2.0.2 want: ^11.0.0
1633 silly placeDep ROOT parse-ms@2.1.0 OK for: pretty-ms@7.0.1 want: ^2.1.0
1634 silly placeDep ROOT end-of-stream@1.4.5 OK for: pump@3.0.4 want: ^1.1.0
1635 silly placeDep ROOT once@1.4.0 OK for: pump@3.0.4 want: ^1.3.1
1636 silly fetch manifest once@^1.4.0
1637 silly packumentCache full:https://registry.npmjs.org/once cache-miss
1638 silly fetch manifest wrappy@1
1639 silly packumentCache full:https://registry.npmjs.org/wrappy cache-miss
1640 http cache https://registry.npmjs.org/once 4ms (cache hit)
1641 silly packumentCache full:https://registry.npmjs.org/once set size:11752 disposed:false
1642 http fetch GET 200 https://registry.npmjs.org/wrappy 64ms (cache miss)
1643 silly packumentCache full:https://registry.npmjs.org/wrappy set size:undefined disposed:false
1644 silly placeDep ROOT wrappy@1.0.2 OK for: once@1.4.0 want: 1
1645 silly placeDep ROOT bytes@3.1.0 OK for: raw-body@2.4.1 want: 3.1.0
1646 silly placeDep ROOT http-errors@1.7.3 OK for: raw-body@2.4.1 want: 1.7.3
1647 silly placeDep ROOT iconv-lite@0.4.24 OK for: raw-body@2.4.1 want: 0.4.24
1648 silly placeDep ROOT unpipe@1.0.0 OK for: raw-body@2.4.1 want: 1.0.0
1649 silly fetch manifest depd@~1.1.2
1650 silly packumentCache full:https://registry.npmjs.org/depd cache-miss
1651 silly fetch manifest inherits@2.0.4
1652 silly packumentCache full:https://registry.npmjs.org/inherits cache-miss
1653 silly fetch manifest statuses@>= 1.5.0 < 2
1654 silly packumentCache full:https://registry.npmjs.org/statuses cache-miss
1655 silly fetch manifest toidentifier@1.0.0
1656 silly packumentCache full:https://registry.npmjs.org/toidentifier cache-miss
1657 silly fetch manifest setprototypeof@1.1.1
1658 silly packumentCache full:https://registry.npmjs.org/setprototypeof cache-miss
1659 silly fetch manifest safer-buffer@>= 2.1.2 < 3
1660 silly packumentCache full:https://registry.npmjs.org/safer-buffer cache-miss
1661 http fetch GET 200 https://registry.npmjs.org/setprototypeof 236ms (cache miss)
1662 silly packumentCache full:https://registry.npmjs.org/setprototypeof set size:undefined disposed:false
1663 http fetch GET 200 https://registry.npmjs.org/depd 239ms (cache miss)
1664 silly packumentCache full:https://registry.npmjs.org/depd set size:undefined disposed:false
1665 http fetch GET 200 https://registry.npmjs.org/inherits 240ms (cache miss)
1666 silly packumentCache full:https://registry.npmjs.org/inherits set size:undefined disposed:false
1667 http fetch GET 200 https://registry.npmjs.org/toidentifier 240ms (cache miss)
1668 silly packumentCache full:https://registry.npmjs.org/toidentifier set size:undefined disposed:false
1669 http fetch GET 200 https://registry.npmjs.org/safer-buffer 240ms (cache miss)
1670 silly packumentCache full:https://registry.npmjs.org/safer-buffer set size:undefined disposed:false
1671 http fetch GET 200 https://registry.npmjs.org/statuses 242ms (cache miss)
1672 silly packumentCache full:https://registry.npmjs.org/statuses set size:undefined disposed:false
1673 silly placeDep ROOT depd@1.1.2 OK for: http-errors@1.7.3 want: ~1.1.2
1674 silly placeDep ROOT inherits@2.0.4 OK for: http-errors@1.7.3 want: 2.0.4
1675 silly placeDep ROOT setprototypeof@1.1.1 OK for: http-errors@1.7.3 want: 1.1.1
1676 silly placeDep ROOT statuses@1.5.0 OK for: http-errors@1.7.3 want: >= 1.5.0 < 2
1677 silly placeDep ROOT toidentifier@1.0.0 OK for: http-errors@1.7.3 want: 1.0.0
1678 silly placeDep ROOT safer-buffer@2.1.2 OK for: iconv-lite@0.4.24 want: >= 2.1.2 < 3
1679 silly placeDep node_modules/rolldown @oxc-project/types@0.110.0 OK for: rolldown@1.0.0-rc.1 want: =0.110.0
1680 silly placeDep ROOT @rolldown/binding-android-arm64@1.0.0-rc.1 OK for: rolldown@1.0.0-rc.1 want: 1.0.0-rc.1
1681 silly placeDep ROOT @rolldown/binding-darwin-arm64@1.0.0-rc.1 OK for: rolldown@1.0.0-rc.1 want: 1.0.0-rc.1
1682 silly placeDep ROOT @rolldown/binding-darwin-x64@1.0.0-rc.1 OK for: rolldown@1.0.0-rc.1 want: 1.0.0-rc.1
1683 silly placeDep ROOT @rolldown/binding-freebsd-x64@1.0.0-rc.1 OK for: rolldown@1.0.0-rc.1 want: 1.0.0-rc.1
1684 silly placeDep ROOT @rolldown/binding-linux-arm-gnueabihf@1.0.0-rc.1 OK for: rolldown@1.0.0-rc.1 want: 1.0.0-rc.1
1685 silly placeDep ROOT @rolldown/binding-linux-arm64-gnu@1.0.0-rc.1 OK for: rolldown@1.0.0-rc.1 want: 1.0.0-rc.1
1686 silly placeDep ROOT @rolldown/binding-linux-arm64-musl@1.0.0-rc.1 OK for: rolldown@1.0.0-rc.1 want: 1.0.0-rc.1
1687 silly placeDep ROOT @rolldown/binding-linux-x64-gnu@1.0.0-rc.1 OK for: rolldown@1.0.0-rc.1 want: 1.0.0-rc.1
1688 silly placeDep ROOT @rolldown/binding-linux-x64-musl@1.0.0-rc.1 OK for: rolldown@1.0.0-rc.1 want: 1.0.0-rc.1
1689 silly placeDep ROOT @rolldown/binding-openharmony-arm64@1.0.0-rc.1 OK for: rolldown@1.0.0-rc.1 want: 1.0.0-rc.1
1690 silly placeDep ROOT @rolldown/binding-wasm32-wasi@1.0.0-rc.1 OK for: rolldown@1.0.0-rc.1 want: 1.0.0-rc.1
1691 silly placeDep ROOT @rolldown/binding-win32-arm64-msvc@1.0.0-rc.1 OK for: rolldown@1.0.0-rc.1 want: 1.0.0-rc.1
1692 silly placeDep ROOT @rolldown/binding-win32-x64-msvc@1.0.0-rc.1 OK for: rolldown@1.0.0-rc.1 want: 1.0.0-rc.1
1693 silly placeDep ROOT @rolldown/pluginutils@1.0.0-rc.1 OK for: rolldown@1.0.0-rc.1 want: 1.0.0-rc.1
1694 silly fetch manifest bufferutil@^4.0.1
1695 silly packumentCache full:https://registry.npmjs.org/bufferutil cache-miss
1696 http fetch GET 200 https://registry.npmjs.org/bufferutil 436ms (cache miss)
1697 silly packumentCache full:https://registry.npmjs.org/bufferutil set size:undefined disposed:false
1698 silly fetch manifest utf-8-validate@>=5.0.2
1699 silly packumentCache full:https://registry.npmjs.org/utf-8-validate cache-miss
1700 http fetch GET 200 https://registry.npmjs.org/utf-8-validate 106ms (cache miss)
1701 silly packumentCache full:https://registry.npmjs.org/utf-8-validate set size:undefined disposed:false
1702 silly placeDep ROOT @vercel/sandbox@3.1.0 OK for: sandbox@4.1.0 want: 3.1.0
1703 silly placeDep node_modules/sandbox debug@4.4.3 OK for: sandbox@4.1.0 want: ^4.4.1
1704 silly placeDep ROOT ws@8.21.3 OK for: sandbox@4.1.0 want: ^8.21.0
1705 silly fetch manifest ms@2.1.3
1706 silly packumentCache full:https://registry.npmjs.org/ms cache-hit
1707 silly fetch manifest jose@6.2.3
1708 silly packumentCache full:https://registry.npmjs.org/jose cache-miss
1709 silly fetch manifest undici@^7.27.1
1710 silly packumentCache full:https://registry.npmjs.org/undici cache-miss
1711 silly fetch manifest jsonlines@0.1.1
1712 silly packumentCache full:https://registry.npmjs.org/jsonlines cache-miss
1713 silly fetch manifest lru-cache@^10.4.3
1714 silly packumentCache full:https://registry.npmjs.org/lru-cache cache-hit
1715 silly fetch manifest picocolors@^1.1.1
1716 silly packumentCache full:https://registry.npmjs.org/picocolors cache-miss
1717 silly fetch manifest tar-stream@3.1.7
1718 silly packumentCache full:https://registry.npmjs.org/tar-stream cache-miss
1719 silly fetch manifest @vercel/oidc@3.2.0
1720 silly packumentCache full:https://registry.npmjs.org/@vercel%2foidc cache-miss
1721 silly fetch manifest @workflow/serde@4.1.0-beta.2
1722 silly packumentCache full:https://registry.npmjs.org/@workflow%2fserde cache-miss
1723 silly fetch manifest ms@^2.1.3
1724 silly packumentCache full:https://registry.npmjs.org/ms cache-hit
1725 http cache https://registry.npmjs.org/@vercel%2foidc 8ms (cache hit)
1726 silly packumentCache full:https://registry.npmjs.org/@vercel%2foidc set size:98921 disposed:false
1727 http cache https://registry.npmjs.org/jose 14ms (cache hit)
1728 silly packumentCache full:https://registry.npmjs.org/jose set size:1460156 disposed:false
1729 http cache https://registry.npmjs.org/undici 26ms (cache hit)
1730 silly packumentCache full:https://registry.npmjs.org/undici set size:1524672 disposed:false
1731 http cache https://registry.npmjs.org/picocolors 34ms (cache hit)
1732 silly packumentCache full:https://registry.npmjs.org/picocolors set size:16648 disposed:false
1733 http fetch GET 200 https://registry.npmjs.org/tar-stream 115ms (cache miss)
1734 silly packumentCache full:https://registry.npmjs.org/tar-stream set size:undefined disposed:false
1735 http fetch GET 200 https://registry.npmjs.org/jsonlines 669ms (cache miss)
1736 silly packumentCache full:https://registry.npmjs.org/jsonlines set size:undefined disposed:false
1737 http fetch GET 200 https://registry.npmjs.org/@workflow%2fserde 6745ms (cache miss)
1738 silly packumentCache full:https://registry.npmjs.org/@workflow%2fserde set size:undefined disposed:false
1739 silly placeDep node_modules/@vercel/sandbox @vercel/oidc@3.2.0 OK for: @vercel/sandbox@3.1.0 want: 3.2.0
1740 silly placeDep ROOT @workflow/serde@4.1.0-beta.2 OK for: @vercel/sandbox@3.1.0 want: 4.1.0-beta.2
1741 silly placeDep node_modules/@vercel/sandbox jose@6.2.3 OK for: @vercel/sandbox@3.1.0 want: 6.2.3
1742 silly placeDep ROOT jsonlines@0.1.1 OK for: @vercel/sandbox@3.1.0 want: 0.1.1
1743 silly placeDep node_modules/@vercel/sandbox lru-cache@10.4.3 OK for: @vercel/sandbox@3.1.0 want: ^10.4.3
1744 silly placeDep node_modules/@vercel/sandbox ms@2.1.3 OK for: @vercel/sandbox@3.1.0 want: 2.1.3
1745 silly placeDep node_modules/@vercel/sandbox picocolors@1.1.1 OK for: @vercel/sandbox@3.1.0 want: ^1.1.1
1746 silly placeDep ROOT tar-stream@3.1.7 OK for: @vercel/sandbox@3.1.0 want: 3.1.7
1747 silly placeDep node_modules/@vercel/sandbox undici@7.29.1 OK for: @vercel/sandbox@3.1.0 want: ^7.27.1
1748 silly placeDep node_modules/@vercel/sandbox xdg-app-paths@5.1.0 OK for: @vercel/sandbox@3.1.0 want: 5.1.0
1749 silly fetch manifest b4a@^1.6.4
1750 silly packumentCache full:https://registry.npmjs.org/b4a cache-miss
1751 silly fetch manifest streamx@^2.15.0
1752 silly packumentCache full:https://registry.npmjs.org/streamx cache-miss
1753 silly fetch manifest fast-fifo@^1.2.0
1754 silly packumentCache full:https://registry.npmjs.org/fast-fifo cache-miss
1755 http fetch GET 200 https://registry.npmjs.org/fast-fifo 495ms (cache miss)
1756 silly packumentCache full:https://registry.npmjs.org/fast-fifo set size:undefined disposed:false
1757 http fetch GET 200 https://registry.npmjs.org/streamx 497ms (cache miss)
1758 silly packumentCache full:https://registry.npmjs.org/streamx set size:undefined disposed:false
1759 http fetch GET 200 https://registry.npmjs.org/b4a 575ms (cache miss)
1760 silly packumentCache full:https://registry.npmjs.org/b4a set size:undefined disposed:false
1761 silly placeDep node_modules/semver lru-cache@6.0.0 OK for: semver@7.5.4 want: ^6.0.0
1762 silly fetch manifest yallist@^4.0.0
1763 silly packumentCache full:https://registry.npmjs.org/yallist cache-miss
1764 http cache https://registry.npmjs.org/yallist 3ms (cache hit)
1765 silly packumentCache full:https://registry.npmjs.org/yallist set size:34610 disposed:false
1766 silly placeDep ROOT shebang-regex@3.0.0 OK for: shebang-command@2.0.0 want: ^3.0.0
1767 silly placeDep ROOT any-promise@1.3.0 OK for: stream-to-promise@2.2.0 want: ~1.3.0
1768 silly placeDep node_modules/stream-to-promise end-of-stream@1.1.0 OK for: stream-to-promise@2.2.0 want: ~1.1.0
1769 silly placeDep ROOT stream-to-array@2.3.0 OK for: stream-to-promise@2.2.0 want: ~2.3.0
1770 silly fetch manifest once@~1.3.0
1771 silly packumentCache full:https://registry.npmjs.org/once cache-hit
1772 silly placeDep ROOT @isaacs/fs-minipass@4.0.1 OK for: tar@7.5.11 want: ^4.0.0
1773 silly placeDep ROOT chownr@3.0.0 OK for: tar@7.5.11 want: ^3.0.0
1774 silly placeDep ROOT minizlib@3.1.0 OK for: tar@7.5.11 want: ^3.1.0
1775 silly placeDep ROOT yallist@5.0.0 OK for: tar@7.5.11 want: ^5.0.0
1776 silly fetch manifest react-native-b4a@*
1777 silly packumentCache full:https://registry.npmjs.org/react-native-b4a cache-miss
1778 http fetch GET 200 https://registry.npmjs.org/react-native-b4a 158ms (cache miss)
1779 silly packumentCache full:https://registry.npmjs.org/react-native-b4a set size:undefined disposed:false
1780 silly fetch manifest react@*
1781 silly packumentCache full:https://registry.npmjs.org/react cache-miss
1782 http fetch GET 200 https://registry.npmjs.org/react 1159ms (cache miss)
1783 silly packumentCache full:https://registry.npmjs.org/react set size:undefined disposed:false
1784 silly fetch manifest react-native@*
1785 silly packumentCache full:https://registry.npmjs.org/react-native cache-miss
1786 http fetch GET 200 https://registry.npmjs.org/react-native 1230ms (cache miss)
1787 silly packumentCache full:https://registry.npmjs.org/react-native set size:undefined disposed:false
1788 silly fetch manifest @types/react@^19.1.1
1789 silly packumentCache full:https://registry.npmjs.org/@types%2freact cache-miss
1790 http fetch GET 200 https://registry.npmjs.org/@types%2freact 446ms (cache miss)
1791 silly packumentCache full:https://registry.npmjs.org/@types%2freact set size:undefined disposed:false
1792 silly placeDep ROOT b4a@1.9.0 OK for: tar-stream@3.1.7 want: ^1.6.4
1793 silly placeDep ROOT fast-fifo@1.3.2 OK for: tar-stream@3.1.7 want: ^1.2.0
1794 silly placeDep ROOT streamx@2.28.1 OK for: tar-stream@3.1.7 want: ^2.15.0
1795 silly fetch manifest text-decoder@^1.1.0
1796 silly packumentCache full:https://registry.npmjs.org/text-decoder cache-miss
1797 silly fetch manifest events-universal@^1.0.0
1798 silly packumentCache full:https://registry.npmjs.org/events-universal cache-miss
1799 http fetch GET 200 https://registry.npmjs.org/events-universal 67ms (cache miss)
1800 silly packumentCache full:https://registry.npmjs.org/events-universal set size:undefined disposed:false
1801 http fetch GET 200 https://registry.npmjs.org/text-decoder 245ms (cache miss)
1802 silly packumentCache full:https://registry.npmjs.org/text-decoder set size:undefined disposed:false
1803 silly placeDep ROOT events-universal@1.0.1 OK for: streamx@2.28.1 want: ^1.0.0
1804 silly placeDep ROOT text-decoder@1.2.7 OK for: streamx@2.28.1 want: ^1.1.0
1805 silly fetch manifest bare-events@^2.7.0
1806 silly packumentCache full:https://registry.npmjs.org/bare-events cache-miss
1807 http fetch GET 200 https://registry.npmjs.org/bare-events 64ms (cache miss)
1808 silly packumentCache full:https://registry.npmjs.org/bare-events set size:undefined disposed:false
1809 silly fetch manifest bare-abort-controller@*
1810 silly packumentCache full:https://registry.npmjs.org/bare-abort-controller cache-miss
1811 http fetch GET 200 https://registry.npmjs.org/bare-abort-controller 62ms (cache miss)
1812 silly packumentCache full:https://registry.npmjs.org/bare-abort-controller set size:undefined disposed:false
1813 silly placeDep ROOT bare-events@2.9.2 OK for: events-universal@1.0.1 want: ^2.7.0
1814 silly placeDep ROOT convert-hrtime@3.0.0 OK for: time-span@4.0.0 want: ^3.0.0
1815 silly placeDep ROOT @ts-morph/common@0.11.1 OK for: ts-morph@12.0.0 want: ~0.11.0
1816 silly placeDep ROOT code-block-writer@10.1.1 OK for: ts-morph@12.0.0 want: ^10.1.1
1817 silly fetch manifest mkdirp@^1.0.4
1818 silly packumentCache full:https://registry.npmjs.org/mkdirp cache-miss
1819 silly fetch manifest fast-glob@^3.2.7
1820 silly packumentCache full:https://registry.npmjs.org/fast-glob cache-miss
1821 silly fetch manifest minimatch@^3.0.4
1822 silly packumentCache full:https://registry.npmjs.org/minimatch cache-hit
1823 silly fetch manifest path-browserify@^1.0.1
1824 silly packumentCache full:https://registry.npmjs.org/path-browserify cache-miss
1825 http fetch GET 200 https://registry.npmjs.org/fast-glob 73ms (cache miss)
1826 silly packumentCache full:https://registry.npmjs.org/fast-glob set size:undefined disposed:false
1827 http fetch GET 200 https://registry.npmjs.org/path-browserify 89ms (cache miss)
1828 silly packumentCache full:https://registry.npmjs.org/path-browserify set size:undefined disposed:false
1829 http fetch GET 200 https://registry.npmjs.org/mkdirp 311ms (cache miss)
1830 silly packumentCache full:https://registry.npmjs.org/mkdirp set size:undefined disposed:false
1831 silly placeDep ROOT fast-glob@3.3.3 OK for: @ts-morph/common@0.11.1 want: ^3.2.7
1832 silly placeDep node_modules/@ts-morph/common minimatch@3.1.5 OK for: @ts-morph/common@0.11.1 want: ^3.0.4
1833 silly placeDep ROOT mkdirp@1.0.4 OK for: @ts-morph/common@0.11.1 want: ^1.0.4
1834 silly placeDep ROOT path-browserify@1.0.1 OK for: @ts-morph/common@0.11.1 want: ^1.0.1
1835 silly fetch manifest @nodelib/fs.stat@^2.0.2
1836 silly packumentCache full:https://registry.npmjs.org/@nodelib%2ffs.stat cache-miss
1837 silly fetch manifest @nodelib/fs.walk@^1.2.3
1838 silly packumentCache full:https://registry.npmjs.org/@nodelib%2ffs.walk cache-miss
1839 silly fetch manifest glob-parent@^5.1.2
1840 silly packumentCache full:https://registry.npmjs.org/glob-parent cache-miss
1841 silly fetch manifest merge2@^1.3.0
1842 silly packumentCache full:https://registry.npmjs.org/merge2 cache-miss
1843 silly fetch manifest micromatch@^4.0.8
1844 silly packumentCache full:https://registry.npmjs.org/micromatch cache-miss
1845 silly fetch manifest brace-expansion@^1.1.7
1846 silly packumentCache full:https://registry.npmjs.org/brace-expansion cache-miss
1847 http cache https://registry.npmjs.org/brace-expansion 10ms (cache hit)
1848 silly packumentCache full:https://registry.npmjs.org/brace-expansion set size:128514 disposed:false
1849 http fetch GET 200 https://registry.npmjs.org/glob-parent 72ms (cache miss)
1850 silly packumentCache full:https://registry.npmjs.org/glob-parent set size:undefined disposed:false
1851 http fetch GET 200 https://registry.npmjs.org/micromatch 75ms (cache miss)
1852 silly packumentCache full:https://registry.npmjs.org/micromatch set size:undefined disposed:false
1853 http fetch GET 200 https://registry.npmjs.org/@nodelib%2ffs.walk 96ms (cache miss)
1854 silly packumentCache full:https://registry.npmjs.org/@nodelib%2ffs.walk set size:undefined disposed:false
1855 http fetch GET 200 https://registry.npmjs.org/@nodelib%2ffs.stat 248ms (cache miss)
1856 silly packumentCache full:https://registry.npmjs.org/@nodelib%2ffs.stat set size:undefined disposed:false
1857 http fetch GET 200 https://registry.npmjs.org/merge2 253ms (cache miss)
1858 silly packumentCache full:https://registry.npmjs.org/merge2 set size:undefined disposed:false
1859 silly placeDep ROOT @nodelib/fs.stat@2.0.5 OK for: fast-glob@3.3.3 want: ^2.0.2
1860 silly placeDep ROOT @nodelib/fs.walk@1.2.8 OK for: fast-glob@3.3.3 want: ^1.2.3
1861 silly placeDep ROOT glob-parent@5.1.2 OK for: fast-glob@3.3.3 want: ^5.1.2
1862 silly placeDep ROOT merge2@1.4.1 OK for: fast-glob@3.3.3 want: ^1.3.0
1863 silly placeDep ROOT micromatch@4.0.8 OK for: fast-glob@3.3.3 want: ^4.0.8
1864 silly fetch manifest fastq@^1.6.0
1865 silly packumentCache full:https://registry.npmjs.org/fastq cache-miss
1866 silly fetch manifest @nodelib/fs.scandir@2.1.5
1867 silly packumentCache full:https://registry.npmjs.org/@nodelib%2ffs.scandir cache-miss
1868 silly fetch manifest is-glob@^4.0.1
1869 silly packumentCache full:https://registry.npmjs.org/is-glob cache-miss
1870 silly fetch manifest braces@^3.0.3
1871 silly packumentCache full:https://registry.npmjs.org/braces cache-miss
1872 silly fetch manifest picomatch@^2.3.1
1873 silly packumentCache full:https://registry.npmjs.org/picomatch cache-miss
1874 http cache https://registry.npmjs.org/picomatch 13ms (cache hit)
1875 silly packumentCache full:https://registry.npmjs.org/picomatch set size:134451 disposed:false
1876 http fetch GET 200 https://registry.npmjs.org/is-glob 76ms (cache miss)
1877 silly packumentCache full:https://registry.npmjs.org/is-glob set size:undefined disposed:false
1878 http fetch GET 200 https://registry.npmjs.org/braces 78ms (cache miss)
1879 silly packumentCache full:https://registry.npmjs.org/braces set size:undefined disposed:false
1880 http fetch GET 200 https://registry.npmjs.org/fastq 81ms (cache miss)
1881 silly packumentCache full:https://registry.npmjs.org/fastq set size:undefined disposed:false
1882 http fetch GET 200 https://registry.npmjs.org/@nodelib%2ffs.scandir 281ms (cache miss)
1883 silly packumentCache full:https://registry.npmjs.org/@nodelib%2ffs.scandir set size:undefined disposed:false
1884 silly placeDep ROOT @nodelib/fs.scandir@2.1.5 OK for: @nodelib/fs.walk@1.2.8 want: 2.1.5
1885 silly placeDep ROOT fastq@1.20.3 OK for: @nodelib/fs.walk@1.2.8 want: ^1.6.0
1886 silly fetch manifest run-parallel@^1.1.9
1887 silly packumentCache full:https://registry.npmjs.org/run-parallel cache-miss
1888 silly fetch manifest reusify@^1.0.4
1889 silly packumentCache full:https://registry.npmjs.org/reusify cache-miss
1890 http fetch GET 200 https://registry.npmjs.org/run-parallel 96ms (cache miss)
1891 silly packumentCache full:https://registry.npmjs.org/run-parallel set size:undefined disposed:false
1892 http fetch GET 200 https://registry.npmjs.org/reusify 99ms (cache miss)
1893 silly packumentCache full:https://registry.npmjs.org/reusify set size:undefined disposed:false
1894 silly placeDep ROOT run-parallel@1.2.0 OK for: @nodelib/fs.scandir@2.1.5 want: ^1.1.9
1895 silly fetch manifest queue-microtask@^1.2.2
1896 silly packumentCache full:https://registry.npmjs.org/queue-microtask cache-miss
1897 http fetch GET 200 https://registry.npmjs.org/queue-microtask 60ms (cache miss)
1898 silly packumentCache full:https://registry.npmjs.org/queue-microtask set size:undefined disposed:false
1899 silly placeDep ROOT reusify@1.1.0 OK for: fastq@1.20.3 want: ^1.0.4
1900 silly placeDep ROOT is-glob@4.0.3 OK for: glob-parent@5.1.2 want: ^4.0.1
1901 silly fetch manifest is-extglob@^2.1.1
1902 silly packumentCache full:https://registry.npmjs.org/is-extglob cache-miss
1903 http fetch GET 200 https://registry.npmjs.org/is-extglob 64ms (cache miss)
1904 silly packumentCache full:https://registry.npmjs.org/is-extglob set size:undefined disposed:false
1905 silly placeDep ROOT is-extglob@2.1.1 OK for: is-glob@4.0.3 want: ^2.1.1
1906 silly placeDep ROOT braces@3.0.3 OK for: micromatch@4.0.8 want: ^3.0.3
1907 silly placeDep node_modules/micromatch picomatch@2.3.2 OK for: micromatch@4.0.8 want: ^2.3.1
1908 silly fetch manifest fill-range@^7.1.1
1909 silly packumentCache full:https://registry.npmjs.org/fill-range cache-miss
1910 http fetch GET 200 https://registry.npmjs.org/fill-range 62ms (cache miss)
1911 silly packumentCache full:https://registry.npmjs.org/fill-range set size:undefined disposed:false
1912 silly placeDep ROOT fill-range@7.1.1 OK for: braces@3.0.3 want: ^7.1.1
1913 silly fetch manifest to-regex-range@^5.0.1
1914 silly packumentCache full:https://registry.npmjs.org/to-regex-range cache-miss
1915 http fetch GET 200 https://registry.npmjs.org/to-regex-range 81ms (cache miss)
1916 silly packumentCache full:https://registry.npmjs.org/to-regex-range set size:undefined disposed:false
1917 silly placeDep ROOT to-regex-range@5.0.1 OK for: fill-range@7.1.1 want: ^5.0.1
1918 silly fetch manifest is-number@^7.0.0
1919 silly packumentCache full:https://registry.npmjs.org/is-number cache-miss
1920 http fetch GET 200 https://registry.npmjs.org/is-number 62ms (cache miss)
1921 silly packumentCache full:https://registry.npmjs.org/is-number set size:undefined disposed:false
1922 silly placeDep ROOT queue-microtask@1.2.3 OK for: run-parallel@1.2.0 want: ^1.2.2
1923 silly placeDep ROOT is-number@7.0.0 OK for: to-regex-range@5.0.1 want: ^7.0.0
1924 silly placeDep ROOT fsevents@2.3.3 OK for: tsx@4.21.0 want: ~2.3.3
1925 silly placeDep ROOT get-tsconfig@4.14.3 OK for: tsx@4.21.0 want: ^4.7.5
1926 silly fetch manifest resolve-pkg-maps@^1.0.0
1927 silly packumentCache full:https://registry.npmjs.org/resolve-pkg-maps cache-miss
1928 http fetch GET 200 https://registry.npmjs.org/resolve-pkg-maps 89ms (cache miss)
1929 silly packumentCache full:https://registry.npmjs.org/resolve-pkg-maps set size:undefined disposed:false
1930 silly placeDep ROOT resolve-pkg-maps@1.0.0 OK for: get-tsconfig@4.14.3 want: ^1.0.0
1931 silly placeDep ROOT @fastify/busboy@2.1.1 OK for: undici@5.29.0 want: ^2.0.0
1932 silly placeDep ROOT punycode@2.3.1 OK for: uri-js@4.4.1 want: ^2.1.0
1933 silly placeDep ROOT tr46@0.0.3 OK for: whatwg-url@5.0.0 want: ~0.0.3
1934 silly placeDep ROOT webidl-conversions@3.0.1 OK for: whatwg-url@5.0.0 want: ^3.0.0
1935 silly placeDep ROOT isexe@2.0.0 OK for: which@2.0.2 want: ^2.0.0
1936 silly placeDep ROOT os-paths@4.4.0 OK for: xdg-app-paths@5.5.1 want: ^4.0.1
1937 silly placeDep ROOT xdg-portable@7.3.0 OK for: xdg-app-paths@5.5.1 want: ^7.2.0
1938 silly placeDep ROOT yauzl@2.10.0 OK for: yauzl-promise@2.1.3 want: ^2.9.1
1939 silly placeDep ROOT yauzl-clone@1.0.4 OK for: yauzl-promise@2.1.3 want: ^1.0.4
1940 silly fetch manifest fd-slicer@~1.1.0
1941 silly packumentCache full:https://registry.npmjs.org/fd-slicer cache-miss
1942 silly fetch manifest buffer-crc32@~0.2.3
1943 silly packumentCache full:https://registry.npmjs.org/buffer-crc32 cache-miss
1944 silly fetch manifest events-intercept@^2.0.0
1945 silly packumentCache full:https://registry.npmjs.org/events-intercept cache-miss
1946 http fetch GET 200 https://registry.npmjs.org/fd-slicer 63ms (cache miss)
1947 silly packumentCache full:https://registry.npmjs.org/fd-slicer set size:undefined disposed:false
1948 http fetch GET 200 https://registry.npmjs.org/buffer-crc32 68ms (cache miss)
1949 silly packumentCache full:https://registry.npmjs.org/buffer-crc32 set size:undefined disposed:false
1950 http fetch GET 200 https://registry.npmjs.org/events-intercept 89ms (cache miss)
1951 silly packumentCache full:https://registry.npmjs.org/events-intercept set size:undefined disposed:false
1952 silly placeDep ROOT buffer-crc32@0.2.13 OK for: yauzl@2.10.0 want: ~0.2.3
1953 silly placeDep ROOT fd-slicer@1.1.0 OK for: yauzl@2.10.0 want: ~1.1.0
1954 silly fetch manifest pend@~1.2.0
1955 silly packumentCache full:https://registry.npmjs.org/pend cache-miss
1956 http fetch GET 200 https://registry.npmjs.org/pend 61ms (cache miss)
1957 silly packumentCache full:https://registry.npmjs.org/pend set size:undefined disposed:false
1958 silly placeDep ROOT pend@1.2.0 OK for: fd-slicer@1.1.0 want: ~1.2.0
1959 silly placeDep ROOT events-intercept@2.0.0 OK for: yauzl-clone@1.0.4 want: ^2.0.0
1960 silly placeDep ROOT brace-expansion@1.1.21 OK for: minimatch@3.1.5 want: ^1.1.7
1961 silly fetch manifest concat-map@0.0.1
1962 silly packumentCache full:https://registry.npmjs.org/concat-map cache-miss
1963 silly fetch manifest balanced-match@^1.0.0
1964 silly packumentCache full:https://registry.npmjs.org/balanced-match cache-miss
1965 http fetch GET 200 https://registry.npmjs.org/balanced-match 69ms (cache miss)
1966 silly packumentCache full:https://registry.npmjs.org/balanced-match set size:undefined disposed:false
1967 http fetch GET 200 https://registry.npmjs.org/concat-map 86ms (cache miss)
1968 silly packumentCache full:https://registry.npmjs.org/concat-map set size:undefined disposed:false
1969 silly placeDep ROOT balanced-match@1.0.2 OK for: brace-expansion@1.1.21 want: ^1.0.0
1970 silly placeDep ROOT concat-map@0.0.1 OK for: brace-expansion@1.1.21 want: 0.0.1
1971 silly placeDep node_modules/@vercel/cli-exec get-stream@6.0.1 OK for: execa@5.1.1 want: ^6.0.0
1972 silly placeDep node_modules/@vercel/cli-exec human-signals@2.1.0 OK for: execa@5.1.1 want: ^2.1.0
1973 silly placeDep node_modules/@vercel/cli-exec signal-exit@3.0.7 OK for: execa@5.1.1 want: ^3.0.3
1974 silly placeDep node_modules/@vercel/rust get-stream@6.0.1 OK for: execa@5.1.1 want: ^6.0.0
1975 silly placeDep node_modules/@vercel/rust human-signals@2.1.0 OK for: execa@5.1.1 want: ^2.1.0
1976 silly placeDep node_modules/@vercel/rust signal-exit@3.0.7 OK for: execa@5.1.1 want: ^3.0.3
1977 silly placeDep node_modules/glob brace-expansion@5.0.12 OK for: minimatch@10.2.6 want: ^5.0.8
1978 silly fetch manifest balanced-match@^4.0.2
1979 silly packumentCache full:https://registry.npmjs.org/balanced-match cache-miss
1980 http cache https://registry.npmjs.org/balanced-match 3ms (cache hit)
1981 silly packumentCache full:https://registry.npmjs.org/balanced-match set size:39082 disposed:false
1982 silly placeDep node_modules/glob balanced-match@4.0.4 OK for: brace-expansion@5.0.12 want: ^4.0.2
1983 silly placeDep node_modules/sandbox ms@2.1.3 OK for: debug@4.4.3 want: ^2.1.3
1984 silly placeDep node_modules/semver yallist@4.0.0 OK for: lru-cache@6.0.0 want: ^4.0.0
1985 silly placeDep node_modules/stream-to-promise once@1.3.3 OK for: end-of-stream@1.1.0 want: ~1.3.0
1986 silly reify moves {}
1987 silly audit bulk request {
1987 silly audit   vercel: [ '59.17.0' ],
1987 silly audit   '@vercel/backends': [ '8.0.1' ],
1987 silly audit   '@vercel/build-utils': [ '14.10.1' ],
1987 silly audit   '@vercel/blob': [ '2.8.0' ],
1987 silly audit   '@vercel/cli-auth': [ '0.3.7' ],
1987 silly audit   '@vercel/cli-config': [ '0.2.6' ],
1987 silly audit   '@vercel/container': [ '8.1.0' ],
1987 silly audit   '@vercel/detect-agent': [ '1.2.5' ],
1987 silly audit   '@vercel/elysia': [ '8.0.1' ],
1987 silly audit   '@vercel/express': [ '8.0.1' ],
1987 silly audit   '@vercel/fastify': [ '8.0.1' ],
1987 silly audit   '@vercel/fun': [ '1.3.0' ],
1987 silly audit   '@vercel/go': [ '11.0.1' ],
1987 silly audit   '@vercel/h3': [ '8.0.1' ],
1987 silly audit   '@vercel/hono': [ '8.0.1' ],
1987 silly audit   '@vercel/hydrogen': [ '9.0.1' ],
1987 silly audit   '@vercel/koa': [ '8.0.1' ],
1987 silly audit   '@vercel/nestjs': [ '8.0.1' ],
1987 silly audit   '@vercel/next': [ '12.0.1' ],
1987 silly audit   '@vercel/node': [ '13.0.1' ],
1987 silly audit   '@vercel/prepare-flags-definitions': [ '0.3.0' ],
1987 silly audit   '@vercel/python': [ '14.1.0' ],
1987 silly audit   '@vercel/python-analysis': [ '0.14.0' ],
1987 silly audit   '@vercel/redwood': [ '10.0.1' ],
1987 silly audit   '@vercel/remix-builder': [ '13.0.1' ],
1987 silly audit   '@vercel/ruby': [ '10.0.1' ],
1987 silly audit   '@vercel/rust': [ '9.0.1' ],
1987 silly audit   '@vercel/static-build': [ '10.0.1' ],
1987 silly audit   '@vercel/vc-native-darwin-arm64': [ '59.17.0' ],
1987 silly audit   '@vercel/vc-native-darwin-x64': [ '59.17.0' ],
1987 silly audit   '@vercel/vc-native-linux-arm64': [ '59.17.0' ],
1987 silly audit   '@vercel/vc-native-linux-x64': [ '59.17.0' ],
1987 silly audit   chokidar: [ '4.0.0' ],
1987 silly audit   esbuild: [ '0.27.0' ],
1987 silly audit   jose: [ '5.9.6', '6.2.3' ],
1987 silly audit   'jsonc-parser': [ '3.3.1' ],
1987 silly audit   luxon: [ '3.7.2' ],
1987 silly audit   sandbox: [ '4.1.0' ],
1987 silly audit   'smol-toml': [ '1.5.2' ],
1987 silly audit   undici: [ '5.29.0', '6.28.1', '5.28.4', '7.29.1' ],
1987 silly audit   uuid: [ '14.0.1' ],
1987 silly audit   zod: [ '4.1.11', '3.22.4' ],
1987 silly audit   '@vercel/nft': [ '1.10.0' ],
1987 silly audit   '@vercel/static-config': [ '3.4.3' ],
1987 silly audit   execa: [ '3.2.0', '5.1.1' ],
1987 silly audit   'fs-extra': [ '11.1.0', '11.1.1' ],
1987 silly audit   'get-port': [ '5.1.1' ],
1987 silly audit   'oxc-transform': [ '0.111.0' ],
1987 silly audit   'path-to-regexp': [ '8.3.0', '8.2.0', '6.1.0', '6.3.0' ],
1987 silly audit   'resolve.exports': [ '2.0.3' ],
1987 silly audit   rolldown: [ '1.0.0-rc.1' ],
1987 silly audit   srvx: [ '0.11.16' ],
1987 silly audit   'ts-morph': [ '12.0.0' ],
1987 silly audit   tsx: [ '4.21.0' ],
1987 silly audit   '@vercel/oidc': [ '3.8.7', '3.2.0' ],
1987 silly audit   'async-retry': [ '1.3.3' ],
1987 silly audit   'is-buffer': [ '2.0.5' ],
1987 silly audit   'is-node-process': [ '1.2.0' ],
1987 silly audit   throttleit: [ '2.1.0' ],
1987 silly audit   'cjs-module-lexer': [ '1.2.3' ],
1987 silly audit   'es-module-lexer': [ '1.5.0', '1.4.1' ],
1987 silly audit   '@napi-rs/keyring': [ '1.2.0' ],
1987 silly audit   'async-listen': [ '3.0.0', '1.2.0', '3.0.1' ],
1987 silly audit   open: [ '8.4.0' ],
1987 silly audit   '@napi-rs/keyring-darwin-arm64': [ '1.2.0' ],
1987 silly audit   '@napi-rs/keyring-darwin-x64': [ '1.2.0' ],
1987 silly audit   '@napi-rs/keyring-freebsd-x64': [ '1.2.0' ],
1987 silly audit   '@napi-rs/keyring-linux-arm-gnueabihf': [ '1.2.0' ],
1987 silly audit   '@napi-rs/keyring-linux-arm64-gnu': [ '1.2.0' ],
1987 silly audit   '@napi-rs/keyring-linux-arm64-musl': [ '1.2.0' ],
1987 silly audit   '@napi-rs/keyring-linux-riscv64-gnu': [ '1.2.0' ],
1987 silly audit   '@napi-rs/keyring-linux-x64-gnu': [ '1.2.0' ],
1987 silly audit   '@napi-rs/keyring-linux-x64-musl': [ '1.2.0' ],
1987 silly audit   '@napi-rs/keyring-win32-arm64-msvc': [ '1.2.0' ],
1987 silly audit   '@napi-rs/keyring-win32-ia32-msvc': [ '1.2.0' ],
1987 silly audit   '@napi-rs/keyring-win32-x64-msvc': [ '1.2.0' ],
1987 silly audit   'xdg-app-paths': [ '5.5.1', '5.1.0' ],
1987 silly audit   tar: [ '7.5.11', '7.5.7' ],
1987 silly audit   '@vercel/cervel': [ '0.1.65' ],
1987 silly audit   '@tootallnate/once': [ '2.0.0' ],
1987 silly audit   debug: [ '4.3.4', '4.4.3' ],
1987 silly audit   'generic-pool': [ '3.4.2' ],
1987 silly audit   micro: [ '9.3.5-canary.3' ],
1987 silly audit   ms: [ '2.1.1', '2.1.2', '2.1.3' ],
1987 silly audit   'node-fetch': [ '2.6.7', '2.6.9' ],
1987 silly audit   promisepipe: [ '3.0.0' ],
1987 silly audit   semver: [ '7.5.4', '6.3.1' ],
1987 silly audit   'stat-mode': [ '0.3.0' ],
1987 silly audit   'stream-to-promise': [ '2.2.0' ],
1987 silly audit   tinyexec: [ '0.3.2' ],
1987 silly audit   'tree-kill': [ '1.2.2' ],
1987 silly audit   'uid-promise': [ '1.0.0' ],
1987 silly audit   'yauzl-promise': [ '2.1.3' ],
1987 silly audit   '@mapbox/node-pre-gyp': [ '2.0.3' ],
1987 silly audit   '@rollup/pluginutils': [ '5.4.0' ],
1987 silly audit   acorn: [ '8.18.0' ],
1987 silly audit   'acorn-import-attributes': [ '1.9.5' ],
1987 silly audit   'async-sema': [ '3.1.1' ],
1987 silly audit   bindings: [ '1.5.0' ],
1987 silly audit   'estree-walker': [ '2.0.2' ],
1987 silly audit   glob: [ '13.0.6' ],
1987 silly audit   'graceful-fs': [ '4.2.11' ],
1987 silly audit   'node-gyp-build': [ '4.8.4' ],
1987 silly audit   picomatch: [ '4.0.7', '2.3.2' ],
1987 silly audit   'resolve-from': [ '5.0.0' ],
1987 silly audit   consola: [ '3.4.2' ],
1987 silly audit   'detect-libc': [ '2.1.2' ],
1987 silly audit   'https-proxy-agent': [ '7.0.6' ],
1987 silly audit   nopt: [ '8.1.0' ],
1987 silly audit   '@types/estree': [ '1.0.9' ],
1987 silly audit   '@edge-runtime/node-utils': [ '2.3.0' ],
1987 silly audit   '@edge-runtime/primitives': [ '4.1.0' ],
1987 silly audit   '@edge-runtime/vm': [ '3.2.0' ],
1987 silly audit   '@types/node': [ '20.11.0' ],
1987 silly audit   '@vercel/error-utils': [ '2.2.1' ],
1987 silly audit   'edge-runtime': [ '2.5.9' ],
1987 silly audit   etag: [ '1.8.1' ],
1987 silly audit   'mime-types': [ '2.1.35' ],
1987 silly audit   typescript: [ '5.9.3' ],
1987 silly audit   'undici-types': [ '5.26.5' ],
1987 silly audit   '@vercel/cli-exec': [ '1.0.1' ],
1987 silly audit   '@bytecodealliance/preview2-shim': [ '0.17.6' ],
1987 silly audit   '@renovatebot/pep440': [ '4.2.1' ],
1987 silly audit   'js-yaml': [ '4.1.1' ],
1987 silly audit   minimatch: [ '10.1.1', '10.2.6', '3.1.5' ],
1987 silly audit   '@vercel/gatsby-plugin-vercel-analytics': [ '1.0.12' ],
1987 silly audit   '@vercel/gatsby-plugin-vercel-builder': [ '2.2.57' ],
1987 silly audit   'web-vitals': [ '0.2.4' ],
1987 silly audit   '@sinclair/typebox': [ '0.25.24' ],
1987 silly audit   ajv: [ '8.6.3' ],
1987 silly audit   'json-schema-to-ts': [ '1.6.4' ],
1987 silly audit   'oxc-parser': [ '0.121.0' ],
1987 silly audit   'fast-deep-equal': [ '3.1.3' ],
1987 silly audit   'json-schema-traverse': [ '1.0.0' ],
1987 silly audit   'require-from-string': [ '2.0.2' ],
1987 silly audit   'uri-js': [ '4.4.1' ],
1987 silly audit   retry: [ '0.13.1' ],
1987 silly audit   'file-uri-to-path': [ '1.0.0' ],
1987 silly audit   readdirp: [ '4.1.2' ],
1987 silly audit   '@edge-runtime/format': [ '2.2.1' ],
1987 silly audit   '@edge-runtime/ponyfill': [ '2.4.2' ],
1987 silly audit   mri: [ '1.2.0' ],
1987 silly audit   picocolors: [ '1.0.0', '1.1.1' ],
1987 silly audit   'pretty-ms': [ '7.0.1' ],
1987 silly audit   'signal-exit': [ '4.0.2', '3.0.7' ],
1987 silly audit   'time-span': [ '4.0.0' ],
1987 silly audit   '@esbuild/aix-ppc64': [ '0.27.0' ],
1987 silly audit   '@esbuild/android-arm': [ '0.27.0' ],
1987 silly audit   '@esbuild/android-arm64': [ '0.27.0' ],
1987 silly audit   '@esbuild/android-x64': [ '0.27.0' ],
1987 silly audit   '@esbuild/darwin-arm64': [ '0.27.0' ],
1987 silly audit   '@esbuild/darwin-x64': [ '0.27.0' ],
1987 silly audit   '@esbuild/freebsd-arm64': [ '0.27.0' ],
1987 silly audit   '@esbuild/freebsd-x64': [ '0.27.0' ],
1987 silly audit   '@esbuild/linux-arm': [ '0.27.0' ],
1987 silly audit   '@esbuild/linux-arm64': [ '0.27.0' ],
1987 silly audit   '@esbuild/linux-ia32': [ '0.27.0' ],
1987 silly audit   '@esbuild/linux-loong64': [ '0.27.0' ],
1987 silly audit   '@esbuild/linux-mips64el': [ '0.27.0' ],
1987 silly audit   '@esbuild/linux-ppc64': [ '0.27.0' ],
1987 silly audit   '@esbuild/linux-riscv64': [ '0.27.0' ],
1987 silly audit   '@esbuild/linux-s390x': [ '0.27.0' ],
1987 silly audit   '@esbuild/linux-x64': [ '0.27.0' ],
1987 silly audit   '@esbuild/netbsd-arm64': [ '0.27.0' ],
1987 silly audit   '@esbuild/netbsd-x64': [ '0.27.0' ],
1987 silly audit   '@esbuild/openbsd-arm64': [ '0.27.0' ],
1987 silly audit   '@esbuild/openbsd-x64': [ '0.27.0' ],
1987 silly audit   '@esbuild/openharmony-arm64': [ '0.27.0' ],
1987 silly audit   '@esbuild/sunos-x64': [ '0.27.0' ],
1987 silly audit   '@esbuild/win32-arm64': [ '0.27.0' ],
1987 silly audit   '@esbuild/win32-ia32': [ '0.27.0' ],
1987 silly audit   '@esbuild/win32-x64': [ '0.27.0' ],
1987 silly audit   'cross-spawn': [ '7.0.6' ],
1987 silly audit   'get-stream': [ '5.2.0', '6.0.1' ],
1987 silly audit   'human-signals': [ '1.1.1', '2.1.0' ],
1987 silly audit   'is-stream': [ '2.0.1' ],
1987 silly audit   'merge-stream': [ '2.0.0' ],
1987 silly audit   'npm-run-path': [ '4.0.1' ],
1987 silly audit   onetime: [ '5.1.2' ],
1987 silly audit   'p-finally': [ '2.0.1' ],
1987 silly audit   'strip-final-newline': [ '2.0.0' ],
1987 silly audit   'path-key': [ '3.1.1' ],
1987 silly audit   'shebang-command': [ '2.0.0' ],
1987 silly audit   which: [ '2.0.2' ],
1987 silly audit   jsonfile: [ '6.2.1' ],
1987 silly audit   universalify: [ '2.0.1' ],
1987 silly audit   pump: [ '3.0.4' ],
1987 silly audit   minipass: [ '7.1.3' ],
1987 silly audit   'path-scurry': [ '2.0.2' ],
1987 silly audit   'agent-base': [ '7.1.4' ],
1987 silly audit   argparse: [ '2.0.1' ],
1987 silly audit   '@types/json-schema': [ '7.0.15' ],
1987 silly audit   'ts-toolbelt': [ '6.15.5' ],
1987 silly audit   arg: [ '4.1.0' ],
1987 silly audit   'content-type': [ '1.0.4' ],
1987 silly audit   'raw-body': [ '2.4.1' ],
1987 silly audit   'mime-db': [ '1.52.0' ],
1987 silly audit   '@isaacs/brace-expansion': [ '5.0.1' ],
1987 silly audit   '@isaacs/balanced-match': [ '4.0.1' ],
1987 silly audit   'whatwg-url': [ '5.0.0' ],
1987 silly audit   abbrev: [ '3.0.1' ],
1987 silly audit   'mimic-fn': [ '2.1.0' ],
1987 silly audit   'define-lazy-prop': [ '2.0.0' ],
1987 silly audit   'is-docker': [ '2.2.1' ],
1987 silly audit   'is-wsl': [ '2.2.0' ],
1987 silly audit   '@oxc-parser/binding-android-arm-eabi': [ '0.121.0' ],
1987 silly audit   '@oxc-parser/binding-android-arm64': [ '0.121.0' ],
1987 silly audit   '@oxc-parser/binding-darwin-arm64': [ '0.121.0' ],
1987 silly audit   '@oxc-parser/binding-darwin-x64': [ '0.121.0' ],
1987 silly audit   '@oxc-parser/binding-freebsd-x64': [ '0.121.0' ],
1987 silly audit   '@oxc-parser/binding-linux-arm-gnueabihf': [ '0.121.0' ],
1987 silly audit   '@oxc-parser/binding-linux-arm-musleabihf': [ '0.121.0' ],
1987 silly audit   '@oxc-parser/binding-linux-arm64-gnu': [ '0.121.0' ],
1987 silly audit   '@oxc-parser/binding-linux-arm64-musl': [ '0.121.0' ],
1987 silly audit   '@oxc-parser/binding-linux-ppc64-gnu': [ '0.121.0' ],
1987 silly audit   '@oxc-parser/binding-linux-riscv64-gnu': [ '0.121.0' ],
1987 silly audit   '@oxc-parser/binding-linux-riscv64-musl': [ '0.121.0' ],
1987 silly audit   '@oxc-parser/binding-linux-s390x-gnu': [ '0.121.0' ],
1987 silly audit   '@oxc-parser/binding-linux-x64-gnu': [ '0.121.0' ],
1987 silly audit   '@oxc-parser/binding-linux-x64-musl': [ '0.121.0' ],
1987 silly audit   '@oxc-parser/binding-openharmony-arm64': [ '0.121.0' ],
1987 silly audit   '@oxc-parser/binding-wasm32-wasi': [ '0.121.0' ],
1987 silly audit   '@oxc-parser/binding-win32-arm64-msvc': [ '0.121.0' ],
1987 silly audit   '@oxc-parser/binding-win32-ia32-msvc': [ '0.121.0' ],
1987 silly audit   '@oxc-parser/binding-win32-x64-msvc': [ '0.121.0' ],
1987 silly audit   '@oxc-project/types': [ '0.121.0', '0.110.0' ],
1987 silly audit   '@napi-rs/wasm-runtime': [ '1.2.4' ],
1987 silly audit   '@emnapi/core': [ '1.11.3' ],
1987 silly audit   '@emnapi/runtime': [ '1.11.3' ],
1987 silly audit   '@emnapi/wasi-threads': [ '1.2.3' ],
1987 silly audit   tslib: [ '2.8.1' ],
1987 silly audit   '@tybys/wasm-util': [ '0.10.4' ],
1987 silly audit   '@oxc-transform/binding-android-arm-eabi': [ '0.111.0' ],
1987 silly audit   '@oxc-transform/binding-android-arm64': [ '0.111.0' ],
1987 silly audit   '@oxc-transform/binding-darwin-arm64': [ '0.111.0' ],
1987 silly audit   '@oxc-transform/binding-darwin-x64': [ '0.111.0' ],
1987 silly audit   '@oxc-transform/binding-freebsd-x64': [ '0.111.0' ],
1987 silly audit   '@oxc-transform/binding-linux-arm-gnueabihf': [ '0.111.0' ],
1987 silly audit   '@oxc-transform/binding-linux-arm-musleabihf': [ '0.111.0' ],
1987 silly audit   '@oxc-transform/binding-linux-arm64-gnu': [ '0.111.0' ],
1987 silly audit   '@oxc-transform/binding-linux-arm64-musl': [ '0.111.0' ],
1987 silly audit   '@oxc-transform/binding-linux-ppc64-gnu': [ '0.111.0' ],
1987 silly audit   '@oxc-transform/binding-linux-riscv64-gnu': [ '0.111.0' ],
1987 silly audit   '@oxc-transform/binding-linux-riscv64-musl': [ '0.111.0' ],
1987 silly audit   '@oxc-transform/binding-linux-s390x-gnu': [ '0.111.0' ],
1987 silly audit   '@oxc-transform/binding-linux-x64-gnu': [ '0.111.0' ],
1987 silly audit   '@oxc-transform/binding-linux-x64-musl': [ '0.111.0' ],
1987 silly audit   '@oxc-transform/binding-openharmony-arm64': [ '0.111.0' ],
1987 silly audit   '@oxc-transform/binding-wasm32-wasi': [ '0.111.0' ],
1987 silly audit   '@oxc-transform/binding-win32-arm64-msvc': [ '0.111.0' ],
1987 silly audit   '@oxc-transform/binding-win32-ia32-msvc': [ '0.111.0' ],
1987 silly audit   '@oxc-transform/binding-win32-x64-msvc': [ '0.111.0' ],
1987 silly audit   'lru-cache': [ '11.5.2', '10.4.3', '6.0.0' ],
1987 silly audit   'parse-ms': [ '2.1.0' ],
1987 silly audit   'end-of-stream': [ '1.4.5', '1.1.0' ],
1987 silly audit   once: [ '1.4.0', '1.3.3' ],
1987 silly audit   wrappy: [ '1.0.2' ],
1987 silly audit   bytes: [ '3.1.0' ],
1987 silly audit   'http-errors': [ '1.7.3' ],
1987 silly audit   'iconv-lite': [ '0.4.24' ],
1987 silly audit   unpipe: [ '1.0.0' ],
1987 silly audit   depd: [ '1.1.2' ],
1987 silly audit   inherits: [ '2.0.4' ],
1987 silly audit   setprototypeof: [ '1.1.1' ],
1987 silly audit   statuses: [ '1.5.0' ],
1987 silly audit   toidentifier: [ '1.0.0' ],
1987 silly audit   'safer-buffer': [ '2.1.2' ],
1987 silly audit   '@rolldown/binding-android-arm64': [ '1.0.0-rc.1' ],
1987 silly audit   '@rolldown/binding-darwin-arm64': [ '1.0.0-rc.1' ],
1987 silly audit   '@rolldown/binding-darwin-x64': [ '1.0.0-rc.1' ],
1987 silly audit   '@rolldown/binding-freebsd-x64': [ '1.0.0-rc.1' ],
1987 silly audit   '@rolldown/binding-linux-arm-gnueabihf': [ '1.0.0-rc.1' ],
1987 silly audit   '@rolldown/binding-linux-arm64-gnu': [ '1.0.0-rc.1' ],
1987 silly audit   '@rolldown/binding-linux-arm64-musl': [ '1.0.0-rc.1' ],
1987 silly audit   '@rolldown/binding-linux-x64-gnu': [ '1.0.0-rc.1' ],
1987 silly audit   '@rolldown/binding-linux-x64-musl': [ '1.0.0-rc.1' ],
1987 silly audit   '@rolldown/binding-openharmony-arm64': [ '1.0.0-rc.1' ],
1987 silly audit   '@rolldown/binding-wasm32-wasi': [ '1.0.0-rc.1' ],
1987 silly audit   '@rolldown/binding-win32-arm64-msvc': [ '1.0.0-rc.1' ],
1987 silly audit   '@rolldown/binding-win32-x64-msvc': [ '1.0.0-rc.1' ],
1987 silly audit   '@rolldown/pluginutils': [ '1.0.0-rc.1' ],
1987 silly audit   '@vercel/sandbox': [ '3.1.0' ],
1987 silly audit   ws: [ '8.21.3' ],
1987 silly audit   '@workflow/serde': [ '4.1.0-beta.2' ],
1987 silly audit   jsonlines: [ '0.1.1' ],
1987 silly audit   'tar-stream': [ '3.1.7' ],
1987 silly audit   'shebang-regex': [ '3.0.0' ],
1987 silly audit   'any-promise': [ '1.3.0' ],
1987 silly audit   'stream-to-array': [ '2.3.0' ],
1987 silly audit   '@isaacs/fs-minipass': [ '4.0.1' ],
1987 silly audit   chownr: [ '3.0.0' ],
1987 silly audit   minizlib: [ '3.1.0' ],
1987 silly audit   yallist: [ '5.0.0', '4.0.0' ],
1987 silly audit   b4a: [ '1.9.0' ],
1987 silly audit   'fast-fifo': [ '1.3.2' ],
1987 silly audit   streamx: [ '2.28.1' ],
1987 silly audit   'events-universal': [ '1.0.1' ],
1987 silly audit   'text-decoder': [ '1.2.7' ],
1987 silly audit   'bare-events': [ '2.9.2' ],
1987 silly audit   'convert-hrtime': [ '3.0.0' ],
1987 silly audit   '@ts-morph/common': [ '0.11.1' ],
1987 silly audit   'code-block-writer': [ '10.1.1' ],
1987 silly audit   'fast-glob': [ '3.3.3' ],
1987 silly audit   mkdirp: [ '1.0.4' ],
1987 silly audit   'path-browserify': [ '1.0.1' ],
1987 silly audit   '@nodelib/fs.stat': [ '2.0.5' ],
1987 silly audit   '@nodelib/fs.walk': [ '1.2.8' ],
1987 silly audit   'glob-parent': [ '5.1.2' ],
1987 silly audit   merge2: [ '1.4.1' ],
1987 silly audit   micromatch: [ '4.0.8' ],
1987 silly audit   '@nodelib/fs.scandir': [ '2.1.5' ],
1987 silly audit   fastq: [ '1.20.3' ],
1987 silly audit   'run-parallel': [ '1.2.0' ],
1987 silly audit   reusify: [ '1.1.0' ],
1987 silly audit   'is-glob': [ '4.0.3' ],
1987 silly audit   'is-extglob': [ '2.1.1' ],
1987 silly audit   braces: [ '3.0.3' ],
1987 silly audit   'fill-range': [ '7.1.1' ],
1987 silly audit   'to-regex-range': [ '5.0.1' ],
1987 silly audit   'queue-microtask': [ '1.2.3' ],
1987 silly audit   'is-number': [ '7.0.0' ],
1987 silly audit   fsevents: [ '2.3.3' ],
1987 silly audit   'get-tsconfig': [ '4.14.3' ],
1987 silly audit   'resolve-pkg-maps': [ '1.0.0' ],
1987 silly audit   '@fastify/busboy': [ '2.1.1' ],
1987 silly audit   punycode: [ '2.3.1' ],
1987 silly audit   tr46: [ '0.0.3' ],
1987 silly audit   'webidl-conversions': [ '3.0.1' ],
1987 silly audit   isexe: [ '2.0.0' ],
1987 silly audit   'os-paths': [ '4.4.0' ],
1987 silly audit   'xdg-portable': [ '7.3.0' ],
1987 silly audit   yauzl: [ '2.10.0' ],
1987 silly audit   'yauzl-clone': [ '1.0.4' ],
1987 silly audit   'buffer-crc32': [ '0.2.13' ],
1987 silly audit   'fd-slicer': [ '1.1.0' ],
1987 silly audit   pend: [ '1.2.0' ],
1987 silly audit   'events-intercept': [ '2.0.0' ],
1987 silly audit   'brace-expansion': [ '1.1.21', '5.0.12' ],
1987 silly audit   'balanced-match': [ '1.0.2', '4.0.4' ],
1987 silly audit   'concat-map': [ '0.0.1' ]
1987 silly audit }
1988 http cache balanced-match@https://registry.npmjs.org/balanced-match/-/balanced-match-1.0.2.tgz 0ms (cache hit)
1989 http cache brace-expansion@https://registry.npmjs.org/brace-expansion/-/brace-expansion-1.1.21.tgz 0ms (cache hit)
1990 http cache events-intercept@https://registry.npmjs.org/events-intercept/-/events-intercept-2.0.0.tgz 0ms (cache hit)
1991 http cache pend@https://registry.npmjs.org/pend/-/pend-1.2.0.tgz 0ms (cache hit)
1992 http cache fd-slicer@https://registry.npmjs.org/fd-slicer/-/fd-slicer-1.1.0.tgz 0ms (cache hit)
1993 http cache yauzl-clone@https://registry.npmjs.org/yauzl-clone/-/yauzl-clone-1.0.4.tgz 1ms (cache hit)
1994 http cache buffer-crc32@https://registry.npmjs.org/buffer-crc32/-/buffer-crc32-0.2.13.tgz 0ms (cache hit)
1995 http cache xdg-portable@https://registry.npmjs.org/xdg-portable/-/xdg-portable-7.3.0.tgz 0ms (cache hit)
1996 http cache os-paths@https://registry.npmjs.org/os-paths/-/os-paths-4.4.0.tgz 0ms (cache hit)
1997 http cache concat-map@https://registry.npmjs.org/concat-map/-/concat-map-0.0.1.tgz 0ms (cache hit)
1998 http cache isexe@https://registry.npmjs.org/isexe/-/isexe-2.0.0.tgz 0ms (cache hit)
1999 http cache yauzl@https://registry.npmjs.org/yauzl/-/yauzl-2.10.0.tgz 0ms (cache hit)
2000 http cache tr46@https://registry.npmjs.org/tr46/-/tr46-0.0.3.tgz 0ms (cache hit)
2001 http cache @fastify/busboy@https://registry.npmjs.org/@fastify/busboy/-/busboy-2.1.1.tgz 0ms (cache hit)
2002 http cache punycode@https://registry.npmjs.org/punycode/-/punycode-2.3.1.tgz 0ms (cache hit)
2003 http cache resolve-pkg-maps@https://registry.npmjs.org/resolve-pkg-maps/-/resolve-pkg-maps-1.0.0.tgz 0ms (cache hit)
2004 http cache webidl-conversions@https://registry.npmjs.org/webidl-conversions/-/webidl-conversions-3.0.1.tgz 0ms (cache hit)
2005 http cache get-tsconfig@https://registry.npmjs.org/get-tsconfig/-/get-tsconfig-4.14.3.tgz 0ms (cache hit)
2006 http cache to-regex-range@https://registry.npmjs.org/to-regex-range/-/to-regex-range-5.0.1.tgz 0ms (cache hit)
2007 http cache queue-microtask@https://registry.npmjs.org/queue-microtask/-/queue-microtask-1.2.3.tgz 0ms (cache hit)
2008 http cache is-number@https://registry.npmjs.org/is-number/-/is-number-7.0.0.tgz 0ms (cache hit)
2009 http cache fill-range@https://registry.npmjs.org/fill-range/-/fill-range-7.1.1.tgz 0ms (cache hit)
2010 http cache braces@https://registry.npmjs.org/braces/-/braces-3.0.3.tgz 0ms (cache hit)
2011 http cache is-extglob@https://registry.npmjs.org/is-extglob/-/is-extglob-2.1.1.tgz 0ms (cache hit)
2012 http cache reusify@https://registry.npmjs.org/reusify/-/reusify-1.1.0.tgz 0ms (cache hit)
2013 http cache is-glob@https://registry.npmjs.org/is-glob/-/is-glob-4.0.3.tgz 0ms (cache hit)
2014 http cache fastq@https://registry.npmjs.org/fastq/-/fastq-1.20.3.tgz 0ms (cache hit)
2015 http cache @nodelib/fs.scandir@https://registry.npmjs.org/@nodelib/fs.scandir/-/fs.scandir-2.1.5.tgz 0ms (cache hit)
2016 http cache micromatch@https://registry.npmjs.org/micromatch/-/micromatch-4.0.8.tgz 0ms (cache hit)
2017 http cache @nodelib/fs.walk@https://registry.npmjs.org/@nodelib/fs.walk/-/fs.walk-1.2.8.tgz 0ms (cache hit)
2018 http cache merge2@https://registry.npmjs.org/merge2/-/merge2-1.4.1.tgz 0ms (cache hit)
2019 http cache glob-parent@https://registry.npmjs.org/glob-parent/-/glob-parent-5.1.2.tgz 0ms (cache hit)
2020 http cache @nodelib/fs.stat@https://registry.npmjs.org/@nodelib/fs.stat/-/fs.stat-2.0.5.tgz 0ms (cache hit)
2021 http cache path-browserify@https://registry.npmjs.org/path-browserify/-/path-browserify-1.0.1.tgz 0ms (cache hit)
2022 http cache mkdirp@https://registry.npmjs.org/mkdirp/-/mkdirp-1.0.4.tgz 0ms (cache hit)
2023 http cache fast-glob@https://registry.npmjs.org/fast-glob/-/fast-glob-3.3.3.tgz 0ms (cache hit)
2024 http cache code-block-writer@https://registry.npmjs.org/code-block-writer/-/code-block-writer-10.1.1.tgz 0ms (cache hit)
2025 http cache run-parallel@https://registry.npmjs.org/run-parallel/-/run-parallel-1.2.0.tgz 0ms (cache hit)
2026 http cache @ts-morph/common@https://registry.npmjs.org/@ts-morph/common/-/common-0.11.1.tgz 0ms (cache hit)
2027 http cache convert-hrtime@https://registry.npmjs.org/convert-hrtime/-/convert-hrtime-3.0.0.tgz 0ms (cache hit)
2028 http cache bare-events@https://registry.npmjs.org/bare-events/-/bare-events-2.9.2.tgz 0ms (cache hit)
2029 http cache events-universal@https://registry.npmjs.org/events-universal/-/events-universal-1.0.1.tgz 0ms (cache hit)
2030 http cache text-decoder@https://registry.npmjs.org/text-decoder/-/text-decoder-1.2.7.tgz 0ms (cache hit)
2031 http cache fast-fifo@https://registry.npmjs.org/fast-fifo/-/fast-fifo-1.3.2.tgz 0ms (cache hit)
2032 http cache yallist@https://registry.npmjs.org/yallist/-/yallist-5.0.0.tgz 0ms (cache hit)
2033 http cache streamx@https://registry.npmjs.org/streamx/-/streamx-2.28.1.tgz 0ms (cache hit)
2034 http cache b4a@https://registry.npmjs.org/b4a/-/b4a-1.9.0.tgz 0ms (cache hit)
2035 http cache @isaacs/fs-minipass@https://registry.npmjs.org/@isaacs/fs-minipass/-/fs-minipass-4.0.1.tgz 0ms (cache hit)
2036 http cache minizlib@https://registry.npmjs.org/minizlib/-/minizlib-3.1.0.tgz 0ms (cache hit)
2037 http cache chownr@https://registry.npmjs.org/chownr/-/chownr-3.0.0.tgz 0ms (cache hit)
2038 http cache stream-to-array@https://registry.npmjs.org/stream-to-array/-/stream-to-array-2.3.0.tgz 0ms (cache hit)
2039 http cache any-promise@https://registry.npmjs.org/any-promise/-/any-promise-1.3.0.tgz 0ms (cache hit)
2040 http cache shebang-regex@https://registry.npmjs.org/shebang-regex/-/shebang-regex-3.0.0.tgz 0ms (cache hit)
2041 http cache @workflow/serde@https://registry.npmjs.org/@workflow/serde/-/serde-4.1.0-beta.2.tgz 0ms (cache hit)
2042 http cache tar-stream@https://registry.npmjs.org/tar-stream/-/tar-stream-3.1.7.tgz 0ms (cache hit)
2043 http cache jsonlines@https://registry.npmjs.org/jsonlines/-/jsonlines-0.1.1.tgz 0ms (cache hit)
2044 http cache ws@https://registry.npmjs.org/ws/-/ws-8.21.3.tgz 0ms (cache hit)
2045 http cache @vercel/sandbox@https://registry.npmjs.org/@vercel/sandbox/-/sandbox-3.1.0.tgz 0ms (cache hit)
2046 http cache safer-buffer@https://registry.npmjs.org/safer-buffer/-/safer-buffer-2.1.2.tgz 0ms (cache hit)
2047 http cache @rolldown/pluginutils@https://registry.npmjs.org/@rolldown/pluginutils/-/pluginutils-1.0.0-rc.1.tgz 0ms (cache hit)
2048 http cache @rolldown/binding-win32-x64-msvc@https://registry.npmjs.org/@rolldown/binding-win32-x64-msvc/-/binding-win32-x64-msvc-1.0.0-rc.1.tgz 0ms (cache hit)
2049 http cache toidentifier@https://registry.npmjs.org/toidentifier/-/toidentifier-1.0.0.tgz 0ms (cache hit)
2050 http cache statuses@https://registry.npmjs.org/statuses/-/statuses-1.5.0.tgz 0ms (cache hit)
2051 http cache inherits@https://registry.npmjs.org/inherits/-/inherits-2.0.4.tgz 0ms (cache hit)
2052 http cache setprototypeof@https://registry.npmjs.org/setprototypeof/-/setprototypeof-1.1.1.tgz 0ms (cache hit)
2053 http cache unpipe@https://registry.npmjs.org/unpipe/-/unpipe-1.0.0.tgz 0ms (cache hit)
2054 http cache depd@https://registry.npmjs.org/depd/-/depd-1.1.2.tgz 0ms (cache hit)
2055 http cache iconv-lite@https://registry.npmjs.org/iconv-lite/-/iconv-lite-0.4.24.tgz 0ms (cache hit)
2056 http cache http-errors@https://registry.npmjs.org/http-errors/-/http-errors-1.7.3.tgz 0ms (cache hit)
2057 http cache bytes@https://registry.npmjs.org/bytes/-/bytes-3.1.0.tgz 0ms (cache hit)
2058 http cache wrappy@https://registry.npmjs.org/wrappy/-/wrappy-1.0.2.tgz 0ms (cache hit)
2059 http cache once@https://registry.npmjs.org/once/-/once-1.4.0.tgz 0ms (cache hit)
2060 http cache end-of-stream@https://registry.npmjs.org/end-of-stream/-/end-of-stream-1.4.5.tgz 0ms (cache hit)
2061 http cache parse-ms@https://registry.npmjs.org/parse-ms/-/parse-ms-2.1.0.tgz 0ms (cache hit)
2062 http cache lru-cache@https://registry.npmjs.org/lru-cache/-/lru-cache-11.5.2.tgz 0ms (cache hit)
2063 http cache @oxc-transform/binding-win32-x64-msvc@https://registry.npmjs.org/@oxc-transform/binding-win32-x64-msvc/-/binding-win32-x64-msvc-0.111.0.tgz 0ms (cache hit)
2064 http cache @oxc-project/types@https://registry.npmjs.org/@oxc-project/types/-/types-0.121.0.tgz 0ms (cache hit)
2065 http cache @oxc-parser/binding-win32-x64-msvc@https://registry.npmjs.org/@oxc-parser/binding-win32-x64-msvc/-/binding-win32-x64-msvc-0.121.0.tgz 1ms (cache hit)
2066 http cache is-wsl@https://registry.npmjs.org/is-wsl/-/is-wsl-2.2.0.tgz 0ms (cache hit)
2067 http cache is-docker@https://registry.npmjs.org/is-docker/-/is-docker-2.2.1.tgz 0ms (cache hit)
2068 http cache define-lazy-prop@https://registry.npmjs.org/define-lazy-prop/-/define-lazy-prop-2.0.0.tgz 0ms (cache hit)
2069 http cache mimic-fn@https://registry.npmjs.org/mimic-fn/-/mimic-fn-2.1.0.tgz 0ms (cache hit)
2070 http cache abbrev@https://registry.npmjs.org/abbrev/-/abbrev-3.0.1.tgz 0ms (cache hit)
2071 http cache @isaacs/balanced-match@https://registry.npmjs.org/@isaacs/balanced-match/-/balanced-match-4.0.1.tgz 0ms (cache hit)
2072 http cache whatwg-url@https://registry.npmjs.org/whatwg-url/-/whatwg-url-5.0.0.tgz 0ms (cache hit)
2073 http cache raw-body@https://registry.npmjs.org/raw-body/-/raw-body-2.4.1.tgz 0ms (cache hit)
2074 http cache @isaacs/brace-expansion@https://registry.npmjs.org/@isaacs/brace-expansion/-/brace-expansion-5.0.1.tgz 0ms (cache hit)
2075 http cache mime-db@https://registry.npmjs.org/mime-db/-/mime-db-1.52.0.tgz 0ms (cache hit)
2076 http cache content-type@https://registry.npmjs.org/content-type/-/content-type-1.0.4.tgz 0ms (cache hit)
2077 http cache arg@https://registry.npmjs.org/arg/-/arg-4.1.0.tgz 0ms (cache hit)
2078 http cache @types/json-schema@https://registry.npmjs.org/@types/json-schema/-/json-schema-7.0.15.tgz 0ms (cache hit)
2079 http cache ts-toolbelt@https://registry.npmjs.org/ts-toolbelt/-/ts-toolbelt-6.15.5.tgz 0ms (cache hit)
2080 http cache argparse@https://registry.npmjs.org/argparse/-/argparse-2.0.1.tgz 0ms (cache hit)
2081 http cache path-scurry@https://registry.npmjs.org/path-scurry/-/path-scurry-2.0.2.tgz 0ms (cache hit)
2082 http cache agent-base@https://registry.npmjs.org/agent-base/-/agent-base-7.1.4.tgz 0ms (cache hit)
2083 http cache minipass@https://registry.npmjs.org/minipass/-/minipass-7.1.3.tgz 0ms (cache hit)
2084 http cache pump@https://registry.npmjs.org/pump/-/pump-3.0.4.tgz 0ms (cache hit)
2085 http cache universalify@https://registry.npmjs.org/universalify/-/universalify-2.0.1.tgz 0ms (cache hit)
2086 http cache jsonfile@https://registry.npmjs.org/jsonfile/-/jsonfile-6.2.1.tgz 0ms (cache hit)
2087 http cache which@https://registry.npmjs.org/which/-/which-2.0.2.tgz 0ms (cache hit)
2088 http cache shebang-command@https://registry.npmjs.org/shebang-command/-/shebang-command-2.0.0.tgz 0ms (cache hit)
2089 http cache path-key@https://registry.npmjs.org/path-key/-/path-key-3.1.1.tgz 0ms (cache hit)
2090 http cache strip-final-newline@https://registry.npmjs.org/strip-final-newline/-/strip-final-newline-2.0.0.tgz 0ms (cache hit)
2091 http cache p-finally@https://registry.npmjs.org/p-finally/-/p-finally-2.0.1.tgz 0ms (cache hit)
2092 http cache onetime@https://registry.npmjs.org/onetime/-/onetime-5.1.2.tgz 0ms (cache hit)
2093 http cache npm-run-path@https://registry.npmjs.org/npm-run-path/-/npm-run-path-4.0.1.tgz 0ms (cache hit)
2094 http cache merge-stream@https://registry.npmjs.org/merge-stream/-/merge-stream-2.0.0.tgz 0ms (cache hit)
2095 http cache human-signals@https://registry.npmjs.org/human-signals/-/human-signals-1.1.1.tgz 0ms (cache hit)
2096 http cache @esbuild/win32-x64@https://registry.npmjs.org/@esbuild/win32-x64/-/win32-x64-0.27.0.tgz 0ms (cache hit)
2097 http cache is-stream@https://registry.npmjs.org/is-stream/-/is-stream-2.0.1.tgz 0ms (cache hit)
2098 http cache get-stream@https://registry.npmjs.org/get-stream/-/get-stream-5.2.0.tgz 0ms (cache hit)
2099 http cache time-span@https://registry.npmjs.org/time-span/-/time-span-4.0.0.tgz 0ms (cache hit)
2100 http cache signal-exit@https://registry.npmjs.org/signal-exit/-/signal-exit-4.0.2.tgz 0ms (cache hit)
2101 http cache cross-spawn@https://registry.npmjs.org/cross-spawn/-/cross-spawn-7.0.6.tgz 0ms (cache hit)
2102 http cache @edge-runtime/ponyfill@https://registry.npmjs.org/@edge-runtime/ponyfill/-/ponyfill-2.4.2.tgz 0ms (cache hit)
2103 http cache pretty-ms@https://registry.npmjs.org/pretty-ms/-/pretty-ms-7.0.1.tgz 0ms (cache hit)
2104 http cache picocolors@https://registry.npmjs.org/picocolors/-/picocolors-1.0.0.tgz 0ms (cache hit)
2105 http cache @edge-runtime/format@https://registry.npmjs.org/@edge-runtime/format/-/format-2.2.1.tgz 0ms (cache hit)
2106 http cache mri@https://registry.npmjs.org/mri/-/mri-1.2.0.tgz 0ms (cache hit)
2107 http cache file-uri-to-path@https://registry.npmjs.org/file-uri-to-path/-/file-uri-to-path-1.0.0.tgz 0ms (cache hit)
2108 http cache readdirp@https://registry.npmjs.org/readdirp/-/readdirp-4.1.2.tgz 0ms (cache hit)
2109 http cache retry@https://registry.npmjs.org/retry/-/retry-0.13.1.tgz 0ms (cache hit)
2110 http cache uri-js@https://registry.npmjs.org/uri-js/-/uri-js-4.4.1.tgz 0ms (cache hit)
2111 http cache json-schema-traverse@https://registry.npmjs.org/json-schema-traverse/-/json-schema-traverse-1.0.0.tgz 0ms (cache hit)
2112 http cache require-from-string@https://registry.npmjs.org/require-from-string/-/require-from-string-2.0.2.tgz 0ms (cache hit)
2113 http cache fast-deep-equal@https://registry.npmjs.org/fast-deep-equal/-/fast-deep-equal-3.1.3.tgz 0ms (cache hit)
2114 http cache @sinclair/typebox@https://registry.npmjs.org/@sinclair/typebox/-/typebox-0.25.24.tgz 0ms (cache hit)
2115 http cache ajv@https://registry.npmjs.org/ajv/-/ajv-8.6.3.tgz 0ms (cache hit)
2116 http cache json-schema-to-ts@https://registry.npmjs.org/json-schema-to-ts/-/json-schema-to-ts-1.6.4.tgz 0ms (cache hit)
2117 http cache oxc-parser@https://registry.npmjs.org/oxc-parser/-/oxc-parser-0.121.0.tgz 0ms (cache hit)
2118 http cache @vercel/gatsby-plugin-vercel-builder@https://registry.npmjs.org/@vercel/gatsby-plugin-vercel-builder/-/gatsby-plugin-vercel-builder-2.2.57.tgz 0ms (cache hit)
2119 http cache @vercel/gatsby-plugin-vercel-analytics@https://registry.npmjs.org/@vercel/gatsby-plugin-vercel-analytics/-/gatsby-plugin-vercel-analytics-1.0.12.tgz 0ms (cache hit)
2120 http cache web-vitals@https://registry.npmjs.org/web-vitals/-/web-vitals-0.2.4.tgz 0ms (cache hit)
2121 http cache @renovatebot/pep440@https://registry.npmjs.org/@renovatebot/pep440/-/pep440-4.2.1.tgz 0ms (cache hit)
2122 http cache @bytecodealliance/preview2-shim@https://registry.npmjs.org/@bytecodealliance/preview2-shim/-/preview2-shim-0.17.6.tgz 0ms (cache hit)
2123 http cache minimatch@https://registry.npmjs.org/minimatch/-/minimatch-10.1.1.tgz 0ms (cache hit)
2124 http cache @vercel/cli-exec@https://registry.npmjs.org/@vercel/cli-exec/-/cli-exec-1.0.1.tgz 0ms (cache hit)
2125 http cache js-yaml@https://registry.npmjs.org/js-yaml/-/js-yaml-4.1.1.tgz 0ms (cache hit)
2126 http cache undici-types@https://registry.npmjs.org/undici-types/-/undici-types-5.26.5.tgz 0ms (cache hit)
2127 http cache mime-types@https://registry.npmjs.org/mime-types/-/mime-types-2.1.35.tgz 0ms (cache hit)
2128 http cache path-to-regexp-updated@https://registry.npmjs.org/path-to-regexp/-/path-to-regexp-6.3.0.tgz 0ms (cache hit)
2129 http cache @vercel/error-utils@https://registry.npmjs.org/@vercel/error-utils/-/error-utils-2.2.1.tgz 0ms (cache hit)
2130 http cache typescript@https://registry.npmjs.org/typescript/-/typescript-5.9.3.tgz 0ms (cache hit)
2131 http cache @types/estree@https://registry.npmjs.org/@types/estree/-/estree-1.0.9.tgz 0ms (cache hit)
2132 http cache @types/node@https://registry.npmjs.org/@types/node/-/node-20.11.0.tgz 0ms (cache hit)
2133 http cache etag@https://registry.npmjs.org/etag/-/etag-1.8.1.tgz 0ms (cache hit)
2134 http cache edge-runtime@https://registry.npmjs.org/edge-runtime/-/edge-runtime-2.5.9.tgz 0ms (cache hit)
2135 http cache @edge-runtime/vm@https://registry.npmjs.org/@edge-runtime/vm/-/vm-3.2.0.tgz 0ms (cache hit)
2136 http cache @edge-runtime/node-utils@https://registry.npmjs.org/@edge-runtime/node-utils/-/node-utils-2.3.0.tgz 0ms (cache hit)
2137 http cache nopt@https://registry.npmjs.org/nopt/-/nopt-8.1.0.tgz 0ms (cache hit)
2138 http cache @edge-runtime/primitives@https://registry.npmjs.org/@edge-runtime/primitives/-/primitives-4.1.0.tgz 0ms (cache hit)
2139 http cache detect-libc@https://registry.npmjs.org/detect-libc/-/detect-libc-2.1.2.tgz 0ms (cache hit)
2140 http cache https-proxy-agent@https://registry.npmjs.org/https-proxy-agent/-/https-proxy-agent-7.0.6.tgz 0ms (cache hit)
2141 http cache picomatch@https://registry.npmjs.org/picomatch/-/picomatch-4.0.7.tgz 0ms (cache hit)
2142 http cache resolve-from@https://registry.npmjs.org/resolve-from/-/resolve-from-5.0.0.tgz 0ms (cache hit)
2143 http cache consola@https://registry.npmjs.org/consola/-/consola-3.4.2.tgz 0ms (cache hit)
2144 http cache graceful-fs@https://registry.npmjs.org/graceful-fs/-/graceful-fs-4.2.11.tgz 0ms (cache hit)
2145 http cache node-gyp-build@https://registry.npmjs.org/node-gyp-build/-/node-gyp-build-4.8.4.tgz 0ms (cache hit)
2146 http cache glob@https://registry.npmjs.org/glob/-/glob-13.0.6.tgz 0ms (cache hit)
2147 http cache bindings@https://registry.npmjs.org/bindings/-/bindings-1.5.0.tgz 0ms (cache hit)
2148 http cache async-sema@https://registry.npmjs.org/async-sema/-/async-sema-3.1.1.tgz 0ms (cache hit)
2149 http cache acorn-import-attributes@https://registry.npmjs.org/acorn-import-attributes/-/acorn-import-attributes-1.9.5.tgz 0ms (cache hit)
2150 http cache acorn@https://registry.npmjs.org/acorn/-/acorn-8.18.0.tgz 0ms (cache hit)
2151 http cache @rollup/pluginutils@https://registry.npmjs.org/@rollup/pluginutils/-/pluginutils-5.4.0.tgz 0ms (cache hit)
2152 http cache @mapbox/node-pre-gyp@https://registry.npmjs.org/@mapbox/node-pre-gyp/-/node-pre-gyp-2.0.3.tgz 0ms (cache hit)
2153 http cache estree-walker@https://registry.npmjs.org/estree-walker/-/estree-walker-2.0.2.tgz 0ms (cache hit)
2154 http cache uid-promise@https://registry.npmjs.org/uid-promise/-/uid-promise-1.0.0.tgz 0ms (cache hit)
2155 http cache tree-kill@https://registry.npmjs.org/tree-kill/-/tree-kill-1.2.2.tgz 0ms (cache hit)
2156 http cache yauzl-promise@https://registry.npmjs.org/yauzl-promise/-/yauzl-promise-2.1.3.tgz 0ms (cache hit)
2157 http cache tinyexec@https://registry.npmjs.org/tinyexec/-/tinyexec-0.3.2.tgz 0ms (cache hit)
2158 http cache stream-to-promise@https://registry.npmjs.org/stream-to-promise/-/stream-to-promise-2.2.0.tgz 0ms (cache hit)
2159 http cache promisepipe@https://registry.npmjs.org/promisepipe/-/promisepipe-3.0.0.tgz 0ms (cache hit)
2160 http cache stat-mode@https://registry.npmjs.org/stat-mode/-/stat-mode-0.3.0.tgz 0ms (cache hit)
2161 http cache node-fetch@https://registry.npmjs.org/node-fetch/-/node-fetch-2.6.7.tgz 0ms (cache hit)
2162 http cache micro@https://registry.npmjs.org/micro/-/micro-9.3.5-canary.3.tgz 0ms (cache hit)
2163 http cache ms@https://registry.npmjs.org/ms/-/ms-2.1.1.tgz 0ms (cache hit)
2164 http cache generic-pool@https://registry.npmjs.org/generic-pool/-/generic-pool-3.4.2.tgz 0ms (cache hit)
2165 http cache semver@https://registry.npmjs.org/semver/-/semver-7.5.4.tgz 0ms (cache hit)
2166 http cache @vercel/cervel@https://registry.npmjs.org/@vercel/cervel/-/cervel-0.1.65.tgz 0ms (cache hit)
2167 http cache debug@https://registry.npmjs.org/debug/-/debug-4.3.4.tgz 0ms (cache hit)
2168 http cache @tootallnate/once@https://registry.npmjs.org/@tootallnate/once/-/once-2.0.0.tgz 0ms (cache hit)
2169 http cache tar@https://registry.npmjs.org/tar/-/tar-7.5.11.tgz 0ms (cache hit)
2170 http cache xdg-app-paths@https://registry.npmjs.org/xdg-app-paths/-/xdg-app-paths-5.5.1.tgz 0ms (cache hit)
2171 http cache @napi-rs/keyring@https://registry.npmjs.org/@napi-rs/keyring/-/keyring-1.2.0.tgz 0ms (cache hit)
2172 http cache @napi-rs/keyring-win32-x64-msvc@https://registry.npmjs.org/@napi-rs/keyring-win32-x64-msvc/-/keyring-win32-x64-msvc-1.2.0.tgz 0ms (cache hit)
2173 http cache open@https://registry.npmjs.org/open/-/open-8.4.0.tgz 0ms (cache hit)
2174 http cache async-listen@https://registry.npmjs.org/async-listen/-/async-listen-3.0.0.tgz 0ms (cache hit)
2175 http cache throttleit@https://registry.npmjs.org/throttleit/-/throttleit-2.1.0.tgz 0ms (cache hit)
2176 http cache cjs-module-lexer@https://registry.npmjs.org/cjs-module-lexer/-/cjs-module-lexer-1.2.3.tgz 0ms (cache hit)
2177 http cache es-module-lexer@https://registry.npmjs.org/es-module-lexer/-/es-module-lexer-1.5.0.tgz 0ms (cache hit)
2178 http cache @vercel/oidc@https://registry.npmjs.org/@vercel/oidc/-/oidc-3.8.7.tgz 0ms (cache hit)
2179 http cache is-node-process@https://registry.npmjs.org/is-node-process/-/is-node-process-1.2.0.tgz 0ms (cache hit)
2180 http cache is-buffer@https://registry.npmjs.org/is-buffer/-/is-buffer-2.0.5.tgz 0ms (cache hit)
2181 http cache tsx@https://registry.npmjs.org/tsx/-/tsx-4.21.0.tgz 0ms (cache hit)
2182 http cache async-retry@https://registry.npmjs.org/async-retry/-/async-retry-1.3.3.tgz 0ms (cache hit)
2183 http cache ts-morph@https://registry.npmjs.org/ts-morph/-/ts-morph-12.0.0.tgz 0ms (cache hit)
2184 http cache rolldown@https://registry.npmjs.org/rolldown/-/rolldown-1.0.0-rc.1.tgz 0ms (cache hit)
2185 http cache srvx@https://registry.npmjs.org/srvx/-/srvx-0.11.16.tgz 0ms (cache hit)
2186 http cache path-to-regexp@https://registry.npmjs.org/path-to-regexp/-/path-to-regexp-8.3.0.tgz 0ms (cache hit)
2187 http cache resolve.exports@https://registry.npmjs.org/resolve.exports/-/resolve.exports-2.0.3.tgz 0ms (cache hit)
2188 http cache oxc-transform@https://registry.npmjs.org/oxc-transform/-/oxc-transform-0.111.0.tgz 0ms (cache hit)
2189 http cache get-port@https://registry.npmjs.org/get-port/-/get-port-5.1.1.tgz 0ms (cache hit)
2190 http cache execa@https://registry.npmjs.org/execa/-/execa-3.2.0.tgz 0ms (cache hit)
2191 http cache @vercel/nft@https://registry.npmjs.org/@vercel/nft/-/nft-1.10.0.tgz 0ms (cache hit)
2192 http cache fs-extra@https://registry.npmjs.org/fs-extra/-/fs-extra-11.1.0.tgz 0ms (cache hit)
2193 http cache zod@https://registry.npmjs.org/zod/-/zod-4.1.11.tgz 0ms (cache hit)
2194 http cache @vercel/static-config@https://registry.npmjs.org/@vercel/static-config/-/static-config-3.4.3.tgz 0ms (cache hit)
2195 http cache undici@https://registry.npmjs.org/undici/-/undici-5.29.0.tgz 0ms (cache hit)
2196 http cache sandbox@https://registry.npmjs.org/sandbox/-/sandbox-4.1.0.tgz 0ms (cache hit)
2197 http cache smol-toml@https://registry.npmjs.org/smol-toml/-/smol-toml-1.5.2.tgz 0ms (cache hit)
2198 http cache uuid@https://registry.npmjs.org/uuid/-/uuid-14.0.1.tgz 0ms (cache hit)
2199 http cache luxon@https://registry.npmjs.org/luxon/-/luxon-3.7.2.tgz 0ms (cache hit)
2200 http cache esbuild@https://registry.npmjs.org/esbuild/-/esbuild-0.27.0.tgz 0ms (cache hit)
2201 http cache jsonc-parser@https://registry.npmjs.org/jsonc-parser/-/jsonc-parser-3.3.1.tgz 0ms (cache hit)
2202 http cache chokidar@https://registry.npmjs.org/chokidar/-/chokidar-4.0.0.tgz 0ms (cache hit)
2203 http cache jose@https://registry.npmjs.org/jose/-/jose-5.9.6.tgz 0ms (cache hit)
2204 http cache @vercel/static-build@https://registry.npmjs.org/@vercel/static-build/-/static-build-10.0.1.tgz 0ms (cache hit)
2205 http cache @vercel/rust@https://registry.npmjs.org/@vercel/rust/-/rust-9.0.1.tgz 0ms (cache hit)
2206 http cache @vercel/ruby@https://registry.npmjs.org/@vercel/ruby/-/ruby-10.0.1.tgz 0ms (cache hit)
2207 http cache @vercel/remix-builder@https://registry.npmjs.org/@vercel/remix-builder/-/remix-builder-13.0.1.tgz 0ms (cache hit)
2208 http cache @vercel/redwood@https://registry.npmjs.org/@vercel/redwood/-/redwood-10.0.1.tgz 0ms (cache hit)
2209 http cache @vercel/python-analysis@https://registry.npmjs.org/@vercel/python-analysis/-/python-analysis-0.14.0.tgz 0ms (cache hit)
2210 http cache @vercel/node@https://registry.npmjs.org/@vercel/node/-/node-13.0.1.tgz 0ms (cache hit)
2211 http cache @vercel/python@https://registry.npmjs.org/@vercel/python/-/python-14.1.0.tgz 0ms (cache hit)
2212 http cache @vercel/prepare-flags-definitions@https://registry.npmjs.org/@vercel/prepare-flags-definitions/-/prepare-flags-definitions-0.3.0.tgz 0ms (cache hit)
2213 http cache @vercel/next@https://registry.npmjs.org/@vercel/next/-/next-12.0.1.tgz 0ms (cache hit)
2214 http cache @vercel/nestjs@https://registry.npmjs.org/@vercel/nestjs/-/nestjs-8.0.1.tgz 0ms (cache hit)
2215 http cache @vercel/h3@https://registry.npmjs.org/@vercel/h3/-/h3-8.0.1.tgz 0ms (cache hit)
2216 http cache @vercel/hydrogen@https://registry.npmjs.org/@vercel/hydrogen/-/hydrogen-9.0.1.tgz 0ms (cache hit)
2217 http cache @vercel/koa@https://registry.npmjs.org/@vercel/koa/-/koa-8.0.1.tgz 0ms (cache hit)
2218 http cache @vercel/hono@https://registry.npmjs.org/@vercel/hono/-/hono-8.0.1.tgz 0ms (cache hit)
2219 http cache @vercel/go@https://registry.npmjs.org/@vercel/go/-/go-11.0.1.tgz 0ms (cache hit)
2220 http cache @vercel/elysia@https://registry.npmjs.org/@vercel/elysia/-/elysia-8.0.1.tgz 0ms (cache hit)
2221 http cache @vercel/express@https://registry.npmjs.org/@vercel/express/-/express-8.0.1.tgz 0ms (cache hit)
2222 http cache @vercel/fastify@https://registry.npmjs.org/@vercel/fastify/-/fastify-8.0.1.tgz 0ms (cache hit)
2223 http cache @vercel/fun@https://registry.npmjs.org/@vercel/fun/-/fun-1.3.0.tgz 0ms (cache hit)
2224 http cache @vercel/detect-agent@https://registry.npmjs.org/@vercel/detect-agent/-/detect-agent-1.2.5.tgz 0ms (cache hit)
2225 http cache @vercel/container@https://registry.npmjs.org/@vercel/container/-/container-8.1.0.tgz 0ms (cache hit)
2226 http cache @vercel/cli-auth@https://registry.npmjs.org/@vercel/cli-auth/-/cli-auth-0.3.7.tgz 0ms (cache hit)
2227 http cache @vercel/build-utils@https://registry.npmjs.org/@vercel/build-utils/-/build-utils-14.10.1.tgz 0ms (cache hit)
2228 http cache @vercel/backends@https://registry.npmjs.org/@vercel/backends/-/backends-8.0.1.tgz 0ms (cache hit)
2229 http cache vercel@https://registry.npmjs.org/vercel/-/vercel-59.17.0.tgz 0ms (cache hit)
2230 http cache @vercel/cli-config@https://registry.npmjs.org/@vercel/cli-config/-/cli-config-0.2.6.tgz 0ms (cache hit)
2231 http cache @vercel/blob@https://registry.npmjs.org/@vercel/blob/-/blob-2.8.0.tgz 0ms (cache hit)
2232 http cache picomatch@https://registry.npmjs.org/picomatch/-/picomatch-2.3.2.tgz 0ms (cache hit)
2233 http cache undici@https://registry.npmjs.org/undici/-/undici-7.29.1.tgz 0ms (cache hit)
2234 http cache ms@https://registry.npmjs.org/ms/-/ms-2.1.3.tgz 0ms (cache hit)
2235 http cache minimatch@https://registry.npmjs.org/minimatch/-/minimatch-3.1.5.tgz 0ms (cache hit)
2236 http cache xdg-app-paths@https://registry.npmjs.org/xdg-app-paths/-/xdg-app-paths-5.1.0.tgz 0ms (cache hit)
2237 http cache picocolors@https://registry.npmjs.org/picocolors/-/picocolors-1.1.1.tgz 0ms (cache hit)
2238 http cache @vercel/oidc@https://registry.npmjs.org/@vercel/oidc/-/oidc-3.2.0.tgz 0ms (cache hit)
2239 http cache jose@https://registry.npmjs.org/jose/-/jose-6.2.3.tgz 0ms (cache hit)
2240 http cache lru-cache@https://registry.npmjs.org/lru-cache/-/lru-cache-10.4.3.tgz 0ms (cache hit)
2241 http cache signal-exit@https://registry.npmjs.org/signal-exit/-/signal-exit-3.0.7.tgz 0ms (cache hit)
2242 http cache balanced-match@https://registry.npmjs.org/balanced-match/-/balanced-match-4.0.4.tgz 0ms (cache hit)
2243 http cache async-listen@https://registry.npmjs.org/async-listen/-/async-listen-3.0.1.tgz 0ms (cache hit)
2244 http cache brace-expansion@https://registry.npmjs.org/brace-expansion/-/brace-expansion-5.0.12.tgz 0ms (cache hit)
2245 http cache get-stream@https://registry.npmjs.org/get-stream/-/get-stream-6.0.1.tgz 0ms (cache hit)
2246 http cache minimatch@https://registry.npmjs.org/minimatch/-/minimatch-10.2.6.tgz 0ms (cache hit)
2247 http cache execa@https://registry.npmjs.org/execa/-/execa-5.1.1.tgz 0ms (cache hit)
2248 http cache human-signals@https://registry.npmjs.org/human-signals/-/human-signals-2.1.0.tgz 0ms (cache hit)
2249 http cache once@https://registry.npmjs.org/once/-/once-1.3.3.tgz 0ms (cache hit)
2250 http cache end-of-stream@https://registry.npmjs.org/end-of-stream/-/end-of-stream-1.1.0.tgz 0ms (cache hit)
2251 http cache ms@https://registry.npmjs.org/ms/-/ms-2.1.2.tgz 0ms (cache hit)
2252 http cache ms@https://registry.npmjs.org/ms/-/ms-2.1.3.tgz 0ms (cache hit)
2253 http cache yallist@https://registry.npmjs.org/yallist/-/yallist-4.0.0.tgz 0ms (cache hit)
2254 http cache signal-exit@https://registry.npmjs.org/signal-exit/-/signal-exit-3.0.7.tgz 1ms (cache hit)
2255 http cache debug@https://registry.npmjs.org/debug/-/debug-4.4.3.tgz 0ms (cache hit)
2256 http cache @oxc-project/types@https://registry.npmjs.org/@oxc-project/types/-/types-0.110.0.tgz 0ms (cache hit)
2257 http cache lru-cache@https://registry.npmjs.org/lru-cache/-/lru-cache-6.0.0.tgz 0ms (cache hit)
2258 http cache signal-exit@https://registry.npmjs.org/signal-exit/-/signal-exit-3.0.7.tgz 0ms (cache hit)
2259 http cache semver@https://registry.npmjs.org/semver/-/semver-6.3.1.tgz 0ms (cache hit)
2260 http cache path-to-regexp@https://registry.npmjs.org/path-to-regexp/-/path-to-regexp-6.1.0.tgz 0ms (cache hit)
2261 http cache human-signals@https://registry.npmjs.org/human-signals/-/human-signals-2.1.0.tgz 0ms (cache hit)
2262 http cache get-stream@https://registry.npmjs.org/get-stream/-/get-stream-6.0.1.tgz 0ms (cache hit)
2263 http cache execa@https://registry.npmjs.org/execa/-/execa-5.1.1.tgz 0ms (cache hit)
2264 http cache node-fetch@https://registry.npmjs.org/node-fetch/-/node-fetch-2.6.9.tgz 0ms (cache hit)
2265 http cache zod@https://registry.npmjs.org/zod/-/zod-3.22.4.tgz 0ms (cache hit)
2266 http cache undici@https://registry.npmjs.org/undici/-/undici-5.28.4.tgz 0ms (cache hit)
2267 http cache path-to-regexp@https://registry.npmjs.org/path-to-regexp/-/path-to-regexp-6.1.0.tgz 0ms (cache hit)
2268 http cache xdg-app-paths@https://registry.npmjs.org/xdg-app-paths/-/xdg-app-paths-5.1.0.tgz 0ms (cache hit)
2269 http cache fs-extra@https://registry.npmjs.org/fs-extra/-/fs-extra-11.1.1.tgz 0ms (cache hit)
2270 http cache zod@https://registry.npmjs.org/zod/-/zod-3.22.4.tgz 0ms (cache hit)
2271 http cache es-module-lexer@https://registry.npmjs.org/es-module-lexer/-/es-module-lexer-1.4.1.tgz 0ms (cache hit)
2272 http cache path-to-regexp@https://registry.npmjs.org/path-to-regexp/-/path-to-regexp-8.2.0.tgz 0ms (cache hit)
2273 http cache tar@https://registry.npmjs.org/tar/-/tar-7.5.7.tgz 0ms (cache hit)
2274 http cache undici@https://registry.npmjs.org/undici/-/undici-6.28.1.tgz 0ms (cache hit)
2275 http cache zod@https://registry.npmjs.org/zod/-/zod-3.22.4.tgz 0ms (cache hit)
2276 http cache zod@https://registry.npmjs.org/zod/-/zod-3.22.4.tgz 0ms (cache hit)
2277 silly tarball no local data for balanced-match@https://registry.npmjs.org/balanced-match/-/balanced-match-1.0.2.tgz. Extracting by manifest.
2278 silly tarball no local data for brace-expansion@https://registry.npmjs.org/brace-expansion/-/brace-expansion-1.1.21.tgz. Extracting by manifest.
2279 silly tarball no local data for events-intercept@https://registry.npmjs.org/events-intercept/-/events-intercept-2.0.0.tgz. Extracting by manifest.
2280 silly tarball no local data for pend@https://registry.npmjs.org/pend/-/pend-1.2.0.tgz. Extracting by manifest.
2281 silly tarball no local data for fd-slicer@https://registry.npmjs.org/fd-slicer/-/fd-slicer-1.1.0.tgz. Extracting by manifest.
2282 silly tarball no local data for yauzl-clone@https://registry.npmjs.org/yauzl-clone/-/yauzl-clone-1.0.4.tgz. Extracting by manifest.
2283 silly tarball no local data for buffer-crc32@https://registry.npmjs.org/buffer-crc32/-/buffer-crc32-0.2.13.tgz. Extracting by manifest.
2284 silly tarball no local data for xdg-portable@https://registry.npmjs.org/xdg-portable/-/xdg-portable-7.3.0.tgz. Extracting by manifest.
2285 silly tarball no local data for os-paths@https://registry.npmjs.org/os-paths/-/os-paths-4.4.0.tgz. Extracting by manifest.
2286 silly tarball no local data for concat-map@https://registry.npmjs.org/concat-map/-/concat-map-0.0.1.tgz. Extracting by manifest.
2287 silly tarball no local data for isexe@https://registry.npmjs.org/isexe/-/isexe-2.0.0.tgz. Extracting by manifest.
2288 silly tarball no local data for yauzl@https://registry.npmjs.org/yauzl/-/yauzl-2.10.0.tgz. Extracting by manifest.
2289 silly tarball no local data for tr46@https://registry.npmjs.org/tr46/-/tr46-0.0.3.tgz. Extracting by manifest.
2290 silly tarball no local data for @fastify/busboy@https://registry.npmjs.org/@fastify/busboy/-/busboy-2.1.1.tgz. Extracting by manifest.
2291 silly tarball no local data for punycode@https://registry.npmjs.org/punycode/-/punycode-2.3.1.tgz. Extracting by manifest.
2292 silly tarball no local data for resolve-pkg-maps@https://registry.npmjs.org/resolve-pkg-maps/-/resolve-pkg-maps-1.0.0.tgz. Extracting by manifest.
2293 silly tarball no local data for webidl-conversions@https://registry.npmjs.org/webidl-conversions/-/webidl-conversions-3.0.1.tgz. Extracting by manifest.
2294 silly tarball no local data for get-tsconfig@https://registry.npmjs.org/get-tsconfig/-/get-tsconfig-4.14.3.tgz. Extracting by manifest.
2295 silly tarball no local data for to-regex-range@https://registry.npmjs.org/to-regex-range/-/to-regex-range-5.0.1.tgz. Extracting by manifest.
2296 silly tarball no local data for queue-microtask@https://registry.npmjs.org/queue-microtask/-/queue-microtask-1.2.3.tgz. Extracting by manifest.
2297 silly tarball no local data for is-number@https://registry.npmjs.org/is-number/-/is-number-7.0.0.tgz. Extracting by manifest.
2298 silly tarball no local data for fill-range@https://registry.npmjs.org/fill-range/-/fill-range-7.1.1.tgz. Extracting by manifest.
2299 silly tarball no local data for braces@https://registry.npmjs.org/braces/-/braces-3.0.3.tgz. Extracting by manifest.
2300 silly tarball no local data for is-extglob@https://registry.npmjs.org/is-extglob/-/is-extglob-2.1.1.tgz. Extracting by manifest.
2301 silly tarball no local data for reusify@https://registry.npmjs.org/reusify/-/reusify-1.1.0.tgz. Extracting by manifest.
2302 silly tarball no local data for is-glob@https://registry.npmjs.org/is-glob/-/is-glob-4.0.3.tgz. Extracting by manifest.
2303 silly tarball no local data for fastq@https://registry.npmjs.org/fastq/-/fastq-1.20.3.tgz. Extracting by manifest.
2304 silly tarball no local data for @nodelib/fs.scandir@https://registry.npmjs.org/@nodelib/fs.scandir/-/fs.scandir-2.1.5.tgz. Extracting by manifest.
2305 silly tarball no local data for micromatch@https://registry.npmjs.org/micromatch/-/micromatch-4.0.8.tgz. Extracting by manifest.
2306 silly tarball no local data for @nodelib/fs.walk@https://registry.npmjs.org/@nodelib/fs.walk/-/fs.walk-1.2.8.tgz. Extracting by manifest.
2307 silly tarball no local data for merge2@https://registry.npmjs.org/merge2/-/merge2-1.4.1.tgz. Extracting by manifest.
2308 silly tarball no local data for glob-parent@https://registry.npmjs.org/glob-parent/-/glob-parent-5.1.2.tgz. Extracting by manifest.
2309 silly tarball no local data for @nodelib/fs.stat@https://registry.npmjs.org/@nodelib/fs.stat/-/fs.stat-2.0.5.tgz. Extracting by manifest.
2310 silly tarball no local data for path-browserify@https://registry.npmjs.org/path-browserify/-/path-browserify-1.0.1.tgz. Extracting by manifest.
2311 silly tarball no local data for mkdirp@https://registry.npmjs.org/mkdirp/-/mkdirp-1.0.4.tgz. Extracting by manifest.
2312 silly tarball no local data for fast-glob@https://registry.npmjs.org/fast-glob/-/fast-glob-3.3.3.tgz. Extracting by manifest.
2313 silly tarball no local data for code-block-writer@https://registry.npmjs.org/code-block-writer/-/code-block-writer-10.1.1.tgz. Extracting by manifest.
2314 silly tarball no local data for run-parallel@https://registry.npmjs.org/run-parallel/-/run-parallel-1.2.0.tgz. Extracting by manifest.
2315 silly tarball no local data for @ts-morph/common@https://registry.npmjs.org/@ts-morph/common/-/common-0.11.1.tgz. Extracting by manifest.
2316 silly tarball no local data for convert-hrtime@https://registry.npmjs.org/convert-hrtime/-/convert-hrtime-3.0.0.tgz. Extracting by manifest.
2317 silly tarball no local data for bare-events@https://registry.npmjs.org/bare-events/-/bare-events-2.9.2.tgz. Extracting by manifest.
2318 silly tarball no local data for events-universal@https://registry.npmjs.org/events-universal/-/events-universal-1.0.1.tgz. Extracting by manifest.
2319 silly tarball no local data for text-decoder@https://registry.npmjs.org/text-decoder/-/text-decoder-1.2.7.tgz. Extracting by manifest.
2320 silly tarball no local data for fast-fifo@https://registry.npmjs.org/fast-fifo/-/fast-fifo-1.3.2.tgz. Extracting by manifest.
2321 silly tarball no local data for yallist@https://registry.npmjs.org/yallist/-/yallist-5.0.0.tgz. Extracting by manifest.
2322 silly tarball no local data for streamx@https://registry.npmjs.org/streamx/-/streamx-2.28.1.tgz. Extracting by manifest.
2323 silly tarball no local data for b4a@https://registry.npmjs.org/b4a/-/b4a-1.9.0.tgz. Extracting by manifest.
2324 silly tarball no local data for @isaacs/fs-minipass@https://registry.npmjs.org/@isaacs/fs-minipass/-/fs-minipass-4.0.1.tgz. Extracting by manifest.
2325 http cache async-listen@https://registry.npmjs.org/async-listen/-/async-listen-1.2.0.tgz 0ms (cache hit)
2326 silly tarball no local data for minizlib@https://registry.npmjs.org/minizlib/-/minizlib-3.1.0.tgz. Extracting by manifest.
2327 silly tarball no local data for chownr@https://registry.npmjs.org/chownr/-/chownr-3.0.0.tgz. Extracting by manifest.
2328 silly tarball no local data for stream-to-array@https://registry.npmjs.org/stream-to-array/-/stream-to-array-2.3.0.tgz. Extracting by manifest.
2329 silly tarball no local data for any-promise@https://registry.npmjs.org/any-promise/-/any-promise-1.3.0.tgz. Extracting by manifest.
2330 silly tarball no local data for shebang-regex@https://registry.npmjs.org/shebang-regex/-/shebang-regex-3.0.0.tgz. Extracting by manifest.
2331 silly tarball no local data for @workflow/serde@https://registry.npmjs.org/@workflow/serde/-/serde-4.1.0-beta.2.tgz. Extracting by manifest.
2332 silly tarball no local data for tar-stream@https://registry.npmjs.org/tar-stream/-/tar-stream-3.1.7.tgz. Extracting by manifest.
2333 silly tarball no local data for jsonlines@https://registry.npmjs.org/jsonlines/-/jsonlines-0.1.1.tgz. Extracting by manifest.
2334 silly tarball no local data for ws@https://registry.npmjs.org/ws/-/ws-8.21.3.tgz. Extracting by manifest.
2335 silly tarball no local data for @vercel/sandbox@https://registry.npmjs.org/@vercel/sandbox/-/sandbox-3.1.0.tgz. Extracting by manifest.
2336 silly tarball no local data for safer-buffer@https://registry.npmjs.org/safer-buffer/-/safer-buffer-2.1.2.tgz. Extracting by manifest.
2337 silly tarball no local data for @rolldown/pluginutils@https://registry.npmjs.org/@rolldown/pluginutils/-/pluginutils-1.0.0-rc.1.tgz. Extracting by manifest.
2338 silly tarball no local data for @rolldown/binding-win32-x64-msvc@https://registry.npmjs.org/@rolldown/binding-win32-x64-msvc/-/binding-win32-x64-msvc-1.0.0-rc.1.tgz. Extracting by manifest.
2339 silly tarball no local data for toidentifier@https://registry.npmjs.org/toidentifier/-/toidentifier-1.0.0.tgz. Extracting by manifest.
2340 silly tarball no local data for statuses@https://registry.npmjs.org/statuses/-/statuses-1.5.0.tgz. Extracting by manifest.
2341 silly tarball no local data for inherits@https://registry.npmjs.org/inherits/-/inherits-2.0.4.tgz. Extracting by manifest.
2342 silly tarball no local data for setprototypeof@https://registry.npmjs.org/setprototypeof/-/setprototypeof-1.1.1.tgz. Extracting by manifest.
2343 silly tarball no local data for unpipe@https://registry.npmjs.org/unpipe/-/unpipe-1.0.0.tgz. Extracting by manifest.
2344 silly tarball no local data for depd@https://registry.npmjs.org/depd/-/depd-1.1.2.tgz. Extracting by manifest.
2345 silly tarball no local data for iconv-lite@https://registry.npmjs.org/iconv-lite/-/iconv-lite-0.4.24.tgz. Extracting by manifest.
2346 silly tarball no local data for http-errors@https://registry.npmjs.org/http-errors/-/http-errors-1.7.3.tgz. Extracting by manifest.
2347 silly tarball no local data for bytes@https://registry.npmjs.org/bytes/-/bytes-3.1.0.tgz. Extracting by manifest.
2348 silly tarball no local data for wrappy@https://registry.npmjs.org/wrappy/-/wrappy-1.0.2.tgz. Extracting by manifest.
2349 silly tarball no local data for once@https://registry.npmjs.org/once/-/once-1.4.0.tgz. Extracting by manifest.
2350 silly tarball no local data for end-of-stream@https://registry.npmjs.org/end-of-stream/-/end-of-stream-1.4.5.tgz. Extracting by manifest.
2351 silly tarball no local data for parse-ms@https://registry.npmjs.org/parse-ms/-/parse-ms-2.1.0.tgz. Extracting by manifest.
2352 silly tarball no local data for lru-cache@https://registry.npmjs.org/lru-cache/-/lru-cache-11.5.2.tgz. Extracting by manifest.
2353 silly tarball no local data for @oxc-transform/binding-win32-x64-msvc@https://registry.npmjs.org/@oxc-transform/binding-win32-x64-msvc/-/binding-win32-x64-msvc-0.111.0.tgz. Extracting by manifest.
2354 silly tarball no local data for @oxc-project/types@https://registry.npmjs.org/@oxc-project/types/-/types-0.121.0.tgz. Extracting by manifest.
2355 silly tarball no local data for @oxc-parser/binding-win32-x64-msvc@https://registry.npmjs.org/@oxc-parser/binding-win32-x64-msvc/-/binding-win32-x64-msvc-0.121.0.tgz. Extracting by manifest.
2356 silly tarball no local data for is-wsl@https://registry.npmjs.org/is-wsl/-/is-wsl-2.2.0.tgz. Extracting by manifest.
2357 silly tarball no local data for is-docker@https://registry.npmjs.org/is-docker/-/is-docker-2.2.1.tgz. Extracting by manifest.
2358 silly tarball no local data for define-lazy-prop@https://registry.npmjs.org/define-lazy-prop/-/define-lazy-prop-2.0.0.tgz. Extracting by manifest.
2359 silly tarball no local data for mimic-fn@https://registry.npmjs.org/mimic-fn/-/mimic-fn-2.1.0.tgz. Extracting by manifest.
2360 silly tarball no local data for abbrev@https://registry.npmjs.org/abbrev/-/abbrev-3.0.1.tgz. Extracting by manifest.
2361 silly tarball no local data for @isaacs/balanced-match@https://registry.npmjs.org/@isaacs/balanced-match/-/balanced-match-4.0.1.tgz. Extracting by manifest.
2362 silly tarball no local data for whatwg-url@https://registry.npmjs.org/whatwg-url/-/whatwg-url-5.0.0.tgz. Extracting by manifest.
2363 silly tarball no local data for raw-body@https://registry.npmjs.org/raw-body/-/raw-body-2.4.1.tgz. Extracting by manifest.
2364 silly tarball no local data for @isaacs/brace-expansion@https://registry.npmjs.org/@isaacs/brace-expansion/-/brace-expansion-5.0.1.tgz. Extracting by manifest.
2365 silly tarball no local data for mime-db@https://registry.npmjs.org/mime-db/-/mime-db-1.52.0.tgz. Extracting by manifest.
2366 silly tarball no local data for content-type@https://registry.npmjs.org/content-type/-/content-type-1.0.4.tgz. Extracting by manifest.
2367 silly tarball no local data for arg@https://registry.npmjs.org/arg/-/arg-4.1.0.tgz. Extracting by manifest.
2368 silly tarball no local data for @types/json-schema@https://registry.npmjs.org/@types/json-schema/-/json-schema-7.0.15.tgz. Extracting by manifest.
2369 silly tarball no local data for ts-toolbelt@https://registry.npmjs.org/ts-toolbelt/-/ts-toolbelt-6.15.5.tgz. Extracting by manifest.
2370 silly tarball no local data for argparse@https://registry.npmjs.org/argparse/-/argparse-2.0.1.tgz. Extracting by manifest.
2371 silly tarball no local data for path-scurry@https://registry.npmjs.org/path-scurry/-/path-scurry-2.0.2.tgz. Extracting by manifest.
2372 silly tarball no local data for agent-base@https://registry.npmjs.org/agent-base/-/agent-base-7.1.4.tgz. Extracting by manifest.
2373 silly tarball no local data for minipass@https://registry.npmjs.org/minipass/-/minipass-7.1.3.tgz. Extracting by manifest.
2374 silly tarball no local data for pump@https://registry.npmjs.org/pump/-/pump-3.0.4.tgz. Extracting by manifest.
2375 silly tarball no local data for universalify@https://registry.npmjs.org/universalify/-/universalify-2.0.1.tgz. Extracting by manifest.
2376 silly tarball no local data for jsonfile@https://registry.npmjs.org/jsonfile/-/jsonfile-6.2.1.tgz. Extracting by manifest.
2377 silly tarball no local data for which@https://registry.npmjs.org/which/-/which-2.0.2.tgz. Extracting by manifest.
2378 silly tarball no local data for shebang-command@https://registry.npmjs.org/shebang-command/-/shebang-command-2.0.0.tgz. Extracting by manifest.
2379 silly tarball no local data for path-key@https://registry.npmjs.org/path-key/-/path-key-3.1.1.tgz. Extracting by manifest.
2380 silly tarball no local data for strip-final-newline@https://registry.npmjs.org/strip-final-newline/-/strip-final-newline-2.0.0.tgz. Extracting by manifest.
2381 silly tarball no local data for p-finally@https://registry.npmjs.org/p-finally/-/p-finally-2.0.1.tgz. Extracting by manifest.
2382 silly tarball no local data for onetime@https://registry.npmjs.org/onetime/-/onetime-5.1.2.tgz. Extracting by manifest.
2383 silly tarball no local data for npm-run-path@https://registry.npmjs.org/npm-run-path/-/npm-run-path-4.0.1.tgz. Extracting by manifest.
2384 silly tarball no local data for merge-stream@https://registry.npmjs.org/merge-stream/-/merge-stream-2.0.0.tgz. Extracting by manifest.
2385 silly tarball no local data for human-signals@https://registry.npmjs.org/human-signals/-/human-signals-1.1.1.tgz. Extracting by manifest.
2386 silly tarball no local data for @esbuild/win32-x64@https://registry.npmjs.org/@esbuild/win32-x64/-/win32-x64-0.27.0.tgz. Extracting by manifest.
2387 silly tarball no local data for is-stream@https://registry.npmjs.org/is-stream/-/is-stream-2.0.1.tgz. Extracting by manifest.
2388 silly tarball no local data for get-stream@https://registry.npmjs.org/get-stream/-/get-stream-5.2.0.tgz. Extracting by manifest.
2389 silly tarball no local data for time-span@https://registry.npmjs.org/time-span/-/time-span-4.0.0.tgz. Extracting by manifest.
2390 silly tarball no local data for signal-exit@https://registry.npmjs.org/signal-exit/-/signal-exit-4.0.2.tgz. Extracting by manifest.
2391 silly tarball no local data for cross-spawn@https://registry.npmjs.org/cross-spawn/-/cross-spawn-7.0.6.tgz. Extracting by manifest.
2392 silly tarball no local data for @edge-runtime/ponyfill@https://registry.npmjs.org/@edge-runtime/ponyfill/-/ponyfill-2.4.2.tgz. Extracting by manifest.
2393 silly tarball no local data for pretty-ms@https://registry.npmjs.org/pretty-ms/-/pretty-ms-7.0.1.tgz. Extracting by manifest.
2394 silly tarball no local data for picocolors@https://registry.npmjs.org/picocolors/-/picocolors-1.0.0.tgz. Extracting by manifest.
2395 silly tarball no local data for @edge-runtime/format@https://registry.npmjs.org/@edge-runtime/format/-/format-2.2.1.tgz. Extracting by manifest.
2396 silly tarball no local data for mri@https://registry.npmjs.org/mri/-/mri-1.2.0.tgz. Extracting by manifest.
2397 silly tarball no local data for file-uri-to-path@https://registry.npmjs.org/file-uri-to-path/-/file-uri-to-path-1.0.0.tgz. Extracting by manifest.
2398 silly tarball no local data for readdirp@https://registry.npmjs.org/readdirp/-/readdirp-4.1.2.tgz. Extracting by manifest.
2399 silly tarball no local data for retry@https://registry.npmjs.org/retry/-/retry-0.13.1.tgz. Extracting by manifest.
2400 silly tarball no local data for uri-js@https://registry.npmjs.org/uri-js/-/uri-js-4.4.1.tgz. Extracting by manifest.
2401 silly tarball no local data for json-schema-traverse@https://registry.npmjs.org/json-schema-traverse/-/json-schema-traverse-1.0.0.tgz. Extracting by manifest.
2402 silly tarball no local data for require-from-string@https://registry.npmjs.org/require-from-string/-/require-from-string-2.0.2.tgz. Extracting by manifest.
2403 silly tarball no local data for fast-deep-equal@https://registry.npmjs.org/fast-deep-equal/-/fast-deep-equal-3.1.3.tgz. Extracting by manifest.
2404 silly tarball no local data for @sinclair/typebox@https://registry.npmjs.org/@sinclair/typebox/-/typebox-0.25.24.tgz. Extracting by manifest.
2405 silly tarball no local data for ajv@https://registry.npmjs.org/ajv/-/ajv-8.6.3.tgz. Extracting by manifest.
2406 silly tarball no local data for json-schema-to-ts@https://registry.npmjs.org/json-schema-to-ts/-/json-schema-to-ts-1.6.4.tgz. Extracting by manifest.
2407 silly tarball no local data for oxc-parser@https://registry.npmjs.org/oxc-parser/-/oxc-parser-0.121.0.tgz. Extracting by manifest.
2408 silly tarball no local data for @vercel/gatsby-plugin-vercel-builder@https://registry.npmjs.org/@vercel/gatsby-plugin-vercel-builder/-/gatsby-plugin-vercel-builder-2.2.57.tgz. Extracting by manifest.
2409 silly tarball no local data for @vercel/gatsby-plugin-vercel-analytics@https://registry.npmjs.org/@vercel/gatsby-plugin-vercel-analytics/-/gatsby-plugin-vercel-analytics-1.0.12.tgz. Extracting by manifest.
2410 silly tarball no local data for web-vitals@https://registry.npmjs.org/web-vitals/-/web-vitals-0.2.4.tgz. Extracting by manifest.
2411 silly tarball no local data for @renovatebot/pep440@https://registry.npmjs.org/@renovatebot/pep440/-/pep440-4.2.1.tgz. Extracting by manifest.
2412 silly tarball no local data for @bytecodealliance/preview2-shim@https://registry.npmjs.org/@bytecodealliance/preview2-shim/-/preview2-shim-0.17.6.tgz. Extracting by manifest.
2413 silly tarball no local data for minimatch@https://registry.npmjs.org/minimatch/-/minimatch-10.1.1.tgz. Extracting by manifest.
2414 silly tarball no local data for @vercel/cli-exec@https://registry.npmjs.org/@vercel/cli-exec/-/cli-exec-1.0.1.tgz. Extracting by manifest.
2415 silly tarball no local data for js-yaml@https://registry.npmjs.org/js-yaml/-/js-yaml-4.1.1.tgz. Extracting by manifest.
2416 silly tarball no local data for undici-types@https://registry.npmjs.org/undici-types/-/undici-types-5.26.5.tgz. Extracting by manifest.
2417 silly tarball no local data for mime-types@https://registry.npmjs.org/mime-types/-/mime-types-2.1.35.tgz. Extracting by manifest.
2418 silly tarball no local data for path-to-regexp-updated@https://registry.npmjs.org/path-to-regexp/-/path-to-regexp-6.3.0.tgz. Extracting by manifest.
2419 silly tarball no local data for @vercel/error-utils@https://registry.npmjs.org/@vercel/error-utils/-/error-utils-2.2.1.tgz. Extracting by manifest.
2420 silly tarball no local data for typescript@https://registry.npmjs.org/typescript/-/typescript-5.9.3.tgz. Extracting by manifest.
2421 silly tarball no local data for @types/estree@https://registry.npmjs.org/@types/estree/-/estree-1.0.9.tgz. Extracting by manifest.
2422 silly tarball no local data for @types/node@https://registry.npmjs.org/@types/node/-/node-20.11.0.tgz. Extracting by manifest.
2423 silly tarball no local data for etag@https://registry.npmjs.org/etag/-/etag-1.8.1.tgz. Extracting by manifest.
2424 silly tarball no local data for edge-runtime@https://registry.npmjs.org/edge-runtime/-/edge-runtime-2.5.9.tgz. Extracting by manifest.
2425 silly tarball no local data for @edge-runtime/vm@https://registry.npmjs.org/@edge-runtime/vm/-/vm-3.2.0.tgz. Extracting by manifest.
2426 silly tarball no local data for @edge-runtime/node-utils@https://registry.npmjs.org/@edge-runtime/node-utils/-/node-utils-2.3.0.tgz. Extracting by manifest.
2427 silly tarball no local data for nopt@https://registry.npmjs.org/nopt/-/nopt-8.1.0.tgz. Extracting by manifest.
2428 silly tarball no local data for @edge-runtime/primitives@https://registry.npmjs.org/@edge-runtime/primitives/-/primitives-4.1.0.tgz. Extracting by manifest.
2429 silly tarball no local data for detect-libc@https://registry.npmjs.org/detect-libc/-/detect-libc-2.1.2.tgz. Extracting by manifest.
2430 silly tarball no local data for https-proxy-agent@https://registry.npmjs.org/https-proxy-agent/-/https-proxy-agent-7.0.6.tgz. Extracting by manifest.
2431 silly tarball no local data for picomatch@https://registry.npmjs.org/picomatch/-/picomatch-4.0.7.tgz. Extracting by manifest.
2432 silly tarball no local data for resolve-from@https://registry.npmjs.org/resolve-from/-/resolve-from-5.0.0.tgz. Extracting by manifest.
2433 silly tarball no local data for consola@https://registry.npmjs.org/consola/-/consola-3.4.2.tgz. Extracting by manifest.
2434 silly tarball no local data for graceful-fs@https://registry.npmjs.org/graceful-fs/-/graceful-fs-4.2.11.tgz. Extracting by manifest.
2435 silly tarball no local data for node-gyp-build@https://registry.npmjs.org/node-gyp-build/-/node-gyp-build-4.8.4.tgz. Extracting by manifest.
2436 silly tarball no local data for glob@https://registry.npmjs.org/glob/-/glob-13.0.6.tgz. Extracting by manifest.
2437 silly tarball no local data for bindings@https://registry.npmjs.org/bindings/-/bindings-1.5.0.tgz. Extracting by manifest.
2438 silly tarball no local data for async-sema@https://registry.npmjs.org/async-sema/-/async-sema-3.1.1.tgz. Extracting by manifest.
2439 silly tarball no local data for acorn-import-attributes@https://registry.npmjs.org/acorn-import-attributes/-/acorn-import-attributes-1.9.5.tgz. Extracting by manifest.
2440 silly tarball no local data for acorn@https://registry.npmjs.org/acorn/-/acorn-8.18.0.tgz. Extracting by manifest.
2441 silly tarball no local data for @rollup/pluginutils@https://registry.npmjs.org/@rollup/pluginutils/-/pluginutils-5.4.0.tgz. Extracting by manifest.
2442 silly tarball no local data for @mapbox/node-pre-gyp@https://registry.npmjs.org/@mapbox/node-pre-gyp/-/node-pre-gyp-2.0.3.tgz. Extracting by manifest.
2443 silly tarball no local data for estree-walker@https://registry.npmjs.org/estree-walker/-/estree-walker-2.0.2.tgz. Extracting by manifest.
2444 silly tarball no local data for uid-promise@https://registry.npmjs.org/uid-promise/-/uid-promise-1.0.0.tgz. Extracting by manifest.
2445 silly tarball no local data for tree-kill@https://registry.npmjs.org/tree-kill/-/tree-kill-1.2.2.tgz. Extracting by manifest.
2446 silly tarball no local data for yauzl-promise@https://registry.npmjs.org/yauzl-promise/-/yauzl-promise-2.1.3.tgz. Extracting by manifest.
2447 silly tarball no local data for tinyexec@https://registry.npmjs.org/tinyexec/-/tinyexec-0.3.2.tgz. Extracting by manifest.
2448 silly tarball no local data for stream-to-promise@https://registry.npmjs.org/stream-to-promise/-/stream-to-promise-2.2.0.tgz. Extracting by manifest.
2449 silly tarball no local data for promisepipe@https://registry.npmjs.org/promisepipe/-/promisepipe-3.0.0.tgz. Extracting by manifest.
2450 silly tarball no local data for stat-mode@https://registry.npmjs.org/stat-mode/-/stat-mode-0.3.0.tgz. Extracting by manifest.
2451 silly tarball no local data for node-fetch@https://registry.npmjs.org/node-fetch/-/node-fetch-2.6.7.tgz. Extracting by manifest.
2452 silly tarball no local data for micro@https://registry.npmjs.org/micro/-/micro-9.3.5-canary.3.tgz. Extracting by manifest.
2453 silly tarball no local data for ms@https://registry.npmjs.org/ms/-/ms-2.1.1.tgz. Extracting by manifest.
2454 silly tarball no local data for generic-pool@https://registry.npmjs.org/generic-pool/-/generic-pool-3.4.2.tgz. Extracting by manifest.
2455 silly tarball no local data for semver@https://registry.npmjs.org/semver/-/semver-7.5.4.tgz. Extracting by manifest.
2456 silly tarball no local data for @vercel/cervel@https://registry.npmjs.org/@vercel/cervel/-/cervel-0.1.65.tgz. Extracting by manifest.
2457 silly tarball no local data for debug@https://registry.npmjs.org/debug/-/debug-4.3.4.tgz. Extracting by manifest.
2458 silly tarball no local data for @tootallnate/once@https://registry.npmjs.org/@tootallnate/once/-/once-2.0.0.tgz. Extracting by manifest.
2459 silly tarball no local data for tar@https://registry.npmjs.org/tar/-/tar-7.5.11.tgz. Extracting by manifest.
2460 silly tarball no local data for xdg-app-paths@https://registry.npmjs.org/xdg-app-paths/-/xdg-app-paths-5.5.1.tgz. Extracting by manifest.
2461 silly tarball no local data for @napi-rs/keyring@https://registry.npmjs.org/@napi-rs/keyring/-/keyring-1.2.0.tgz. Extracting by manifest.
2462 silly tarball no local data for @napi-rs/keyring-win32-x64-msvc@https://registry.npmjs.org/@napi-rs/keyring-win32-x64-msvc/-/keyring-win32-x64-msvc-1.2.0.tgz. Extracting by manifest.
2463 silly tarball no local data for open@https://registry.npmjs.org/open/-/open-8.4.0.tgz. Extracting by manifest.
2464 silly tarball no local data for async-listen@https://registry.npmjs.org/async-listen/-/async-listen-3.0.0.tgz. Extracting by manifest.
2465 silly tarball no local data for throttleit@https://registry.npmjs.org/throttleit/-/throttleit-2.1.0.tgz. Extracting by manifest.
2466 silly tarball no local data for cjs-module-lexer@https://registry.npmjs.org/cjs-module-lexer/-/cjs-module-lexer-1.2.3.tgz. Extracting by manifest.
2467 silly tarball no local data for es-module-lexer@https://registry.npmjs.org/es-module-lexer/-/es-module-lexer-1.5.0.tgz. Extracting by manifest.
2468 silly tarball no local data for @vercel/oidc@https://registry.npmjs.org/@vercel/oidc/-/oidc-3.8.7.tgz. Extracting by manifest.
2469 silly tarball no local data for is-node-process@https://registry.npmjs.org/is-node-process/-/is-node-process-1.2.0.tgz. Extracting by manifest.
2470 silly tarball no local data for is-buffer@https://registry.npmjs.org/is-buffer/-/is-buffer-2.0.5.tgz. Extracting by manifest.
2471 silly tarball no local data for tsx@https://registry.npmjs.org/tsx/-/tsx-4.21.0.tgz. Extracting by manifest.
2472 silly tarball no local data for async-retry@https://registry.npmjs.org/async-retry/-/async-retry-1.3.3.tgz. Extracting by manifest.
2473 silly tarball no local data for ts-morph@https://registry.npmjs.org/ts-morph/-/ts-morph-12.0.0.tgz. Extracting by manifest.
2474 silly tarball no local data for rolldown@https://registry.npmjs.org/rolldown/-/rolldown-1.0.0-rc.1.tgz. Extracting by manifest.
2475 silly tarball no local data for srvx@https://registry.npmjs.org/srvx/-/srvx-0.11.16.tgz. Extracting by manifest.
2476 silly tarball no local data for path-to-regexp@https://registry.npmjs.org/path-to-regexp/-/path-to-regexp-8.3.0.tgz. Extracting by manifest.
2477 silly tarball no local data for resolve.exports@https://registry.npmjs.org/resolve.exports/-/resolve.exports-2.0.3.tgz. Extracting by manifest.
2478 silly tarball no local data for oxc-transform@https://registry.npmjs.org/oxc-transform/-/oxc-transform-0.111.0.tgz. Extracting by manifest.
2479 silly tarball no local data for get-port@https://registry.npmjs.org/get-port/-/get-port-5.1.1.tgz. Extracting by manifest.
2480 silly tarball no local data for execa@https://registry.npmjs.org/execa/-/execa-3.2.0.tgz. Extracting by manifest.
2481 silly tarball no local data for @vercel/nft@https://registry.npmjs.org/@vercel/nft/-/nft-1.10.0.tgz. Extracting by manifest.
2482 silly tarball no local data for fs-extra@https://registry.npmjs.org/fs-extra/-/fs-extra-11.1.0.tgz. Extracting by manifest.
2483 silly tarball no local data for zod@https://registry.npmjs.org/zod/-/zod-4.1.11.tgz. Extracting by manifest.
2484 silly tarball no local data for @vercel/static-config@https://registry.npmjs.org/@vercel/static-config/-/static-config-3.4.3.tgz. Extracting by manifest.
2485 silly tarball no local data for undici@https://registry.npmjs.org/undici/-/undici-5.29.0.tgz. Extracting by manifest.
2486 silly tarball no local data for sandbox@https://registry.npmjs.org/sandbox/-/sandbox-4.1.0.tgz. Extracting by manifest.
2487 silly tarball no local data for smol-toml@https://registry.npmjs.org/smol-toml/-/smol-toml-1.5.2.tgz. Extracting by manifest.
2488 silly tarball no local data for uuid@https://registry.npmjs.org/uuid/-/uuid-14.0.1.tgz. Extracting by manifest.
2489 silly tarball no local data for luxon@https://registry.npmjs.org/luxon/-/luxon-3.7.2.tgz. Extracting by manifest.
2490 silly tarball no local data for esbuild@https://registry.npmjs.org/esbuild/-/esbuild-0.27.0.tgz. Extracting by manifest.
2491 silly tarball no local data for jsonc-parser@https://registry.npmjs.org/jsonc-parser/-/jsonc-parser-3.3.1.tgz. Extracting by manifest.
2492 silly tarball no local data for chokidar@https://registry.npmjs.org/chokidar/-/chokidar-4.0.0.tgz. Extracting by manifest.
2493 silly tarball no local data for jose@https://registry.npmjs.org/jose/-/jose-5.9.6.tgz. Extracting by manifest.
2494 silly tarball no local data for @vercel/static-build@https://registry.npmjs.org/@vercel/static-build/-/static-build-10.0.1.tgz. Extracting by manifest.
2495 silly tarball no local data for @vercel/rust@https://registry.npmjs.org/@vercel/rust/-/rust-9.0.1.tgz. Extracting by manifest.
2496 silly tarball no local data for @vercel/ruby@https://registry.npmjs.org/@vercel/ruby/-/ruby-10.0.1.tgz. Extracting by manifest.
2497 silly tarball no local data for @vercel/remix-builder@https://registry.npmjs.org/@vercel/remix-builder/-/remix-builder-13.0.1.tgz. Extracting by manifest.
2498 silly tarball no local data for @vercel/redwood@https://registry.npmjs.org/@vercel/redwood/-/redwood-10.0.1.tgz. Extracting by manifest.
2499 silly tarball no local data for @vercel/python-analysis@https://registry.npmjs.org/@vercel/python-analysis/-/python-analysis-0.14.0.tgz. Extracting by manifest.
2500 silly tarball no local data for @vercel/node@https://registry.npmjs.org/@vercel/node/-/node-13.0.1.tgz. Extracting by manifest.
2501 silly tarball no local data for @vercel/python@https://registry.npmjs.org/@vercel/python/-/python-14.1.0.tgz. Extracting by manifest.
2502 silly tarball no local data for @vercel/prepare-flags-definitions@https://registry.npmjs.org/@vercel/prepare-flags-definitions/-/prepare-flags-definitions-0.3.0.tgz. Extracting by manifest.
2503 silly tarball no local data for @vercel/next@https://registry.npmjs.org/@vercel/next/-/next-12.0.1.tgz. Extracting by manifest.
2504 silly tarball no local data for @vercel/nestjs@https://registry.npmjs.org/@vercel/nestjs/-/nestjs-8.0.1.tgz. Extracting by manifest.
2505 silly tarball no local data for @vercel/h3@https://registry.npmjs.org/@vercel/h3/-/h3-8.0.1.tgz. Extracting by manifest.
2506 silly tarball no local data for @vercel/hydrogen@https://registry.npmjs.org/@vercel/hydrogen/-/hydrogen-9.0.1.tgz. Extracting by manifest.
2507 silly tarball no local data for @vercel/koa@https://registry.npmjs.org/@vercel/koa/-/koa-8.0.1.tgz. Extracting by manifest.
2508 silly tarball no local data for @vercel/hono@https://registry.npmjs.org/@vercel/hono/-/hono-8.0.1.tgz. Extracting by manifest.
2509 silly tarball no local data for @vercel/go@https://registry.npmjs.org/@vercel/go/-/go-11.0.1.tgz. Extracting by manifest.
2510 silly tarball no local data for @vercel/elysia@https://registry.npmjs.org/@vercel/elysia/-/elysia-8.0.1.tgz. Extracting by manifest.
2511 silly tarball no local data for @vercel/express@https://registry.npmjs.org/@vercel/express/-/express-8.0.1.tgz. Extracting by manifest.
2512 silly tarball no local data for @vercel/fastify@https://registry.npmjs.org/@vercel/fastify/-/fastify-8.0.1.tgz. Extracting by manifest.
2513 silly tarball no local data for @vercel/fun@https://registry.npmjs.org/@vercel/fun/-/fun-1.3.0.tgz. Extracting by manifest.
2514 silly tarball no local data for @vercel/detect-agent@https://registry.npmjs.org/@vercel/detect-agent/-/detect-agent-1.2.5.tgz. Extracting by manifest.
2515 silly tarball no local data for @vercel/container@https://registry.npmjs.org/@vercel/container/-/container-8.1.0.tgz. Extracting by manifest.
2516 silly tarball no local data for @vercel/cli-auth@https://registry.npmjs.org/@vercel/cli-auth/-/cli-auth-0.3.7.tgz. Extracting by manifest.
2517 silly tarball no local data for @vercel/build-utils@https://registry.npmjs.org/@vercel/build-utils/-/build-utils-14.10.1.tgz. Extracting by manifest.
2518 silly tarball no local data for @vercel/backends@https://registry.npmjs.org/@vercel/backends/-/backends-8.0.1.tgz. Extracting by manifest.
2519 silly tarball no local data for vercel@https://registry.npmjs.org/vercel/-/vercel-59.17.0.tgz. Extracting by manifest.
2520 silly tarball no local data for @vercel/cli-config@https://registry.npmjs.org/@vercel/cli-config/-/cli-config-0.2.6.tgz. Extracting by manifest.
2521 silly tarball no local data for @vercel/blob@https://registry.npmjs.org/@vercel/blob/-/blob-2.8.0.tgz. Extracting by manifest.
2522 silly tarball no local data for picomatch@https://registry.npmjs.org/picomatch/-/picomatch-2.3.2.tgz. Extracting by manifest.
2523 silly tarball no local data for undici@https://registry.npmjs.org/undici/-/undici-7.29.1.tgz. Extracting by manifest.
2524 silly tarball no local data for ms@https://registry.npmjs.org/ms/-/ms-2.1.3.tgz. Extracting by manifest.
2525 silly tarball no local data for minimatch@https://registry.npmjs.org/minimatch/-/minimatch-3.1.5.tgz. Extracting by manifest.
2526 silly tarball no local data for xdg-app-paths@https://registry.npmjs.org/xdg-app-paths/-/xdg-app-paths-5.1.0.tgz. Extracting by manifest.
2527 silly tarball no local data for picocolors@https://registry.npmjs.org/picocolors/-/picocolors-1.1.1.tgz. Extracting by manifest.
2528 silly tarball no local data for @vercel/oidc@https://registry.npmjs.org/@vercel/oidc/-/oidc-3.2.0.tgz. Extracting by manifest.
2529 silly tarball no local data for jose@https://registry.npmjs.org/jose/-/jose-6.2.3.tgz. Extracting by manifest.
2530 silly tarball no local data for lru-cache@https://registry.npmjs.org/lru-cache/-/lru-cache-10.4.3.tgz. Extracting by manifest.
2531 silly tarball no local data for signal-exit@https://registry.npmjs.org/signal-exit/-/signal-exit-3.0.7.tgz. Extracting by manifest.
2532 silly tarball no local data for balanced-match@https://registry.npmjs.org/balanced-match/-/balanced-match-4.0.4.tgz. Extracting by manifest.
2533 silly tarball no local data for async-listen@https://registry.npmjs.org/async-listen/-/async-listen-3.0.1.tgz. Extracting by manifest.
2534 silly tarball no local data for brace-expansion@https://registry.npmjs.org/brace-expansion/-/brace-expansion-5.0.12.tgz. Extracting by manifest.
2535 silly tarball no local data for get-stream@https://registry.npmjs.org/get-stream/-/get-stream-6.0.1.tgz. Extracting by manifest.
2536 silly tarball no local data for minimatch@https://registry.npmjs.org/minimatch/-/minimatch-10.2.6.tgz. Extracting by manifest.
2537 silly tarball no local data for execa@https://registry.npmjs.org/execa/-/execa-5.1.1.tgz. Extracting by manifest.
2538 silly tarball no local data for human-signals@https://registry.npmjs.org/human-signals/-/human-signals-2.1.0.tgz. Extracting by manifest.
2539 silly tarball no local data for once@https://registry.npmjs.org/once/-/once-1.3.3.tgz. Extracting by manifest.
2540 silly tarball no local data for end-of-stream@https://registry.npmjs.org/end-of-stream/-/end-of-stream-1.1.0.tgz. Extracting by manifest.
2541 silly tarball no local data for ms@https://registry.npmjs.org/ms/-/ms-2.1.2.tgz. Extracting by manifest.
2542 silly tarball no local data for ms@https://registry.npmjs.org/ms/-/ms-2.1.3.tgz. Extracting by manifest.
2543 silly tarball no local data for yallist@https://registry.npmjs.org/yallist/-/yallist-4.0.0.tgz. Extracting by manifest.
2544 silly tarball no local data for signal-exit@https://registry.npmjs.org/signal-exit/-/signal-exit-3.0.7.tgz. Extracting by manifest.
2545 silly tarball no local data for debug@https://registry.npmjs.org/debug/-/debug-4.4.3.tgz. Extracting by manifest.
2546 silly tarball no local data for @oxc-project/types@https://registry.npmjs.org/@oxc-project/types/-/types-0.110.0.tgz. Extracting by manifest.
2547 silly tarball no local data for lru-cache@https://registry.npmjs.org/lru-cache/-/lru-cache-6.0.0.tgz. Extracting by manifest.
2548 silly tarball no local data for signal-exit@https://registry.npmjs.org/signal-exit/-/signal-exit-3.0.7.tgz. Extracting by manifest.
2549 silly tarball no local data for semver@https://registry.npmjs.org/semver/-/semver-6.3.1.tgz. Extracting by manifest.
2550 silly tarball no local data for path-to-regexp@https://registry.npmjs.org/path-to-regexp/-/path-to-regexp-6.1.0.tgz. Extracting by manifest.
2551 silly tarball no local data for human-signals@https://registry.npmjs.org/human-signals/-/human-signals-2.1.0.tgz. Extracting by manifest.
2552 silly tarball no local data for get-stream@https://registry.npmjs.org/get-stream/-/get-stream-6.0.1.tgz. Extracting by manifest.
2553 silly tarball no local data for execa@https://registry.npmjs.org/execa/-/execa-5.1.1.tgz. Extracting by manifest.
2554 silly tarball no local data for node-fetch@https://registry.npmjs.org/node-fetch/-/node-fetch-2.6.9.tgz. Extracting by manifest.
2555 silly tarball no local data for zod@https://registry.npmjs.org/zod/-/zod-3.22.4.tgz. Extracting by manifest.
2556 silly tarball no local data for undici@https://registry.npmjs.org/undici/-/undici-5.28.4.tgz. Extracting by manifest.
2557 silly tarball no local data for path-to-regexp@https://registry.npmjs.org/path-to-regexp/-/path-to-regexp-6.1.0.tgz. Extracting by manifest.
2558 silly tarball no local data for xdg-app-paths@https://registry.npmjs.org/xdg-app-paths/-/xdg-app-paths-5.1.0.tgz. Extracting by manifest.
2559 silly tarball no local data for fs-extra@https://registry.npmjs.org/fs-extra/-/fs-extra-11.1.1.tgz. Extracting by manifest.
2560 silly tarball no local data for zod@https://registry.npmjs.org/zod/-/zod-3.22.4.tgz. Extracting by manifest.
2561 silly tarball no local data for es-module-lexer@https://registry.npmjs.org/es-module-lexer/-/es-module-lexer-1.4.1.tgz. Extracting by manifest.
2562 silly tarball no local data for path-to-regexp@https://registry.npmjs.org/path-to-regexp/-/path-to-regexp-8.2.0.tgz. Extracting by manifest.
2563 silly tarball no local data for tar@https://registry.npmjs.org/tar/-/tar-7.5.7.tgz. Extracting by manifest.
2564 silly tarball no local data for undici@https://registry.npmjs.org/undici/-/undici-6.28.1.tgz. Extracting by manifest.
2565 silly tarball no local data for zod@https://registry.npmjs.org/zod/-/zod-3.22.4.tgz. Extracting by manifest.
2566 silly tarball no local data for zod@https://registry.npmjs.org/zod/-/zod-3.22.4.tgz. Extracting by manifest.
2567 silly tarball no local data for async-listen@https://registry.npmjs.org/async-listen/-/async-listen-1.2.0.tgz. Extracting by manifest.
2568 http fetch POST 200 https://registry.npmjs.org/-/npm/v1/security/advisories/bulk 369ms
2569 silly audit report {
2569 silly audit report   'smol-toml': [
2569 silly audit report     {
2569 silly audit report       id: 1115393,
2569 silly audit report       url: 'https://github.com/advisories/GHSA-v3rj-xjv7-4jmq',
2569 silly audit report       title: 'smol-toml: Denial of Service via TOML documents containing thousands of consecutive commented lines',
2569 silly audit report       severity: 'moderate',
2569 silly audit report       vulnerable_versions: '<1.6.1',
2569 silly audit report       cwe: [Array],
2569 silly audit report       cvss: [Object]
2569 silly audit report     },
2569 silly audit report     {
2569 silly audit report       id: 1193945,
2569 silly audit report       url: 'https://github.com/advisories/GHSA-7w5x-hrqm-74c2',
2569 silly audit report       title: 'smol-toml: Denial of Service via malformed TOML documents',
2569 silly audit report       severity: 'high',
2569 silly audit report       vulnerable_versions: '<=1.7.0',
2569 silly audit report       cwe: [Array],
2569 silly audit report       cvss: [Object]
2569 silly audit report     }
2569 silly audit report   ],
2569 silly audit report   undici: [
2569 silly audit report     {
2569 silly audit report       id: 1101610,
2569 silly audit report       url: 'https://github.com/advisories/GHSA-c76h-2ccp-4975',
2569 silly audit report       title: 'Use of Insufficiently Random Values in undici',
2569 silly audit report       severity: 'moderate',
2569 silly audit report       vulnerable_versions: '>=4.5.0 <5.28.5',
2569 silly audit report       cwe: [Array],
2569 silly audit report       cvss: [Object]
2569 silly audit report     },
2569 silly audit report     {
2569 silly audit report       id: 1112496,
2569 silly audit report       url: 'https://github.com/advisories/GHSA-g9mf-h72j-4rw9',
2569 silly audit report       title: 'Undici has an unbounded decompression chain in HTTP responses on Node.js Fetch API via Content-Encoding leads to resource exhaustion',
2569 silly audit report       severity: 'moderate',
2569 silly audit report       vulnerable_versions: '<6.23.0',
2569 silly audit report       cwe: [Array],
2569 silly audit report       cvss: [Object]
2569 silly audit report     },
2569 silly audit report     {
2569 silly audit report       id: 1113069,
2569 silly audit report       url: 'https://github.com/advisories/GHSA-cxrh-j4jr-qwg3',
2569 silly audit report       title: 'undici Denial of Service attack via bad certificate data',
2569 silly audit report       severity: 'low',
2569 silly audit report       vulnerable_versions: '<5.29.0',
2569 silly audit report       cwe: [Array],
2569 silly audit report       cvss: [Object]
2569 silly audit report     },
2569 silly audit report     {
2569 silly audit report       id: 1114594,
2569 silly audit report       url: 'https://github.com/advisories/GHSA-2mjp-6q6p-2qxm',
2569 silly audit report       title: 'Undici has an HTTP Request/Response Smuggling issue',
2569 silly audit report       severity: 'moderate',
2569 silly audit report       vulnerable_versions: '<6.24.0',
2569 silly audit report       cwe: [Array],
2569 silly audit report       cvss: [Object]
2569 silly audit report     },
2569 silly audit report     {
2569 silly audit report       id: 1114638,
2569 silly audit report       url: 'https://github.com/advisories/GHSA-vrm6-8vpv-qv8q',
2569 silly audit report       title: 'Undici has Unbounded Memory Consumption in WebSocket permessage-deflate Decompression',
2569 silly audit report       severity: 'high',
2569 silly audit report       vulnerable_versions: '<6.24.0',
2569 silly audit report       cwe: [Array],
2569 silly audit report       cvss: [Object]
2569 silly audit report     },
2569 silly audit report     {
2569 silly audit report       id: 1114640,
2569 silly audit report       url: 'https://github.com/advisories/GHSA-v9p9-hfj2-hcw8',
2569 silly audit report       title: 'Undici has Unhandled Exception in WebSocket Client Due to Invalid server_max_window_bits Validation',
2569 silly audit report       severity: 'high',
2569 silly audit report       vulnerable_versions: '<6.24.0',
2569 silly audit report       cwe: [Array],
2569 silly audit report       cvss: [Object]
2569 silly audit report     },
2569 silly audit report     {
2569 silly audit report       id: 1114642,
2569 silly audit report       url: 'https://github.com/advisories/GHSA-4992-7rv2-5pvq',
2569 silly audit report       title: 'Undici has CRLF Injection in undici via `upgrade` option',
2569 silly audit report       severity: 'moderate',
2569 silly audit report       vulnerable_versions: '<6.24.0',
2569 silly audit report       cwe: [Array],
2569 silly audit report       cvss: [Object]
2569 silly audit report     },
2569 silly audit report     {
2569 silly audit report       id: 1130716,
2569 silly audit report       url: 'https://github.com/advisories/GHSA-8xcm-r25x-g524',
2569 silly audit report       title: 'undici vulnerable to downstream response desynchronization via retry interceptor',
2569 silly audit report       severity: 'moderate',
2569 silly audit report       vulnerable_versions: '<6.28.0',
2569 silly audit report       cwe: [Array],
2569 silly audit report       cvss: [Object]
2569 silly audit report     },
2569 silly audit report     {
2569 silly audit report       id: 1130727,
2569 silly audit report       url: 'https://github.com/advisories/GHSA-m8rv-5g2x-5cg5',
2569 silly audit report       title: "undici vulnerable to CRLF Injection via blob-like body 'type' property",
2569 silly audit report       severity: 'moderate',
2569 silly audit report       vulnerable_versions: '<6.28.0',
2569 silly audit report       cwe: [Array],
2569 silly audit report       cvss: [Object]
2569 silly audit report     },
2569 silly audit report     {
2569 silly audit report       id: 1130732,
2569 silly audit report       url: 'https://github.com/advisories/GHSA-v3r7-h72x-cjcm',
2569 silly audit report       title: 'undici vulnerable to cookie attribute injection via unsanitized domain and unparsed setCookie fields',
2569 silly audit report       severity: 'moderate',
2569 silly audit report       vulnerable_versions: '<6.28.0',
2569 silly audit report       cwe: [Array],
2569 silly audit report       cvss: [Object]
2569 silly audit report     },
2569 silly audit report     {
2569 silly audit report       id: 1121242,
2569 silly audit report       url: 'https://github.com/advisories/GHSA-p88m-4jfj-68fv',
2569 silly audit report       title: 'undici vulnerable to HTTP header injection via Set-Cookie percent-decoding',
2569 silly audit report       severity: 'moderate',
2569 silly audit report       vulnerable_versions: '<6.27.0',
2569 silly audit report       cwe: [Array],
2569 silly audit report       cvss: [Object]
2569 silly audit report     },
2569 silly audit report     {
2569 silly audit report       id: 1121245,
2569 silly audit report       url: 'https://github.com/advisories/GHSA-vxpw-j846-p89q',
2569 silly audit report       title: 'undici WebSocket client vulnerable to denial of service via fragment count bypass',
2569 silly audit report       severity: 'high',
2569 silly audit report       vulnerable_versions: '<6.27.0',
2569 silly audit report       cwe: [Array],
2569 silly audit report       cvss: [Object]
2569 silly audit report     },
2569 silly audit report     {
2569 silly audit report       id: 1121255,
2569 silly audit report       url: 'https://github.com/advisories/GHSA-g8m3-5g58-fq7m',
2569 silly audit report       title: 'undici vulnerable to Set-Cookie SameSite attribute downgrade via permissive substring matching',
2569 silly audit report       severity: 'low',
2569 silly audit report       vulnerable_versions: '<6.27.0',
2569 silly audit report       cwe: [Array],
2569 silly audit report       cvss: [Object]
2569 silly audit report     },
2569 silly audit report     {
2569 silly audit report       id: 1137243,
2569 silly audit report       url: 'https://github.com/advisories/GHSA-35p6-xmwp-9g52',
2569 silly audit report       title: 'undici vulnerable to HTTP response queue poisoning via keep-alive socket reuse',
2569 silly audit report       severity: 'low',
2569 silly audit report       vulnerable_versions: '<6.27.0',
2569 silly audit report       cwe: [Array],
2569 silly audit report       cvss: [Object]
2569 silly audit report     }
2569 silly audit report   ],
2569 silly audit report   'path-to-regexp': [
2569 silly audit report     {
2569 silly audit report       id: 1101846,
2569 silly audit report       url: 'https://github.com/advisories/GHSA-9wv6-86v2-598j',
2569 silly audit report       title: 'path-to-regexp outputs backtracking regular expressions',
2569 silly audit report       severity: 'high',
2569 silly audit report       vulnerable_versions: '>=4.0.0 <6.3.0',
2569 silly audit report       cwe: [Array],
2569 silly audit report       cvss: [Object]
2569 silly audit report     },
2569 silly audit report     {
2569 silly audit report       id: 1115573,
2569 silly audit report       url: 'https://github.com/advisories/GHSA-j3q9-mxjg-w52f',
2569 silly audit report       title: 'path-to-regexp vulnerable to Denial of Service via sequential optional groups',
2569 silly audit report       severity: 'high',
2569 silly audit report       vulnerable_versions: '>=8.0.0 <8.4.0',
2569 silly audit report       cwe: [Array],
2569 silly audit report       cvss: [Object]
2569 silly audit report     },
2569 silly audit report     {
2569 silly audit report       id: 1115582,
2569 silly audit report       url: 'https://github.com/advisories/GHSA-27v5-c462-wpq7',
2569 silly audit report       title: 'path-to-regexp vulnerable to Regular Expression Denial of Service via multiple wildcards',
2569 silly audit report       severity: 'moderate',
2569 silly audit report       vulnerable_versions: '>=8.0.0 <8.4.0',
2569 silly audit report       cwe: [Array],
2569 silly audit report       cvss: [Object]
2569 silly audit report     }
2569 silly audit report   ],
2569 silly audit report   tar: [
2569 silly audit report     {
2569 silly audit report       id: 1113375,
2569 silly audit report       url: 'https://github.com/advisories/GHSA-83g3-92jg-28cx',
2569 silly audit report       title: 'Arbitrary File Read/Write via Hardlink Target Escape Through Symlink Chain in node-tar Extraction',
2569 silly audit report       severity: 'high',
2569 silly audit report       vulnerable_versions: '<7.5.8',
2569 silly audit report       cwe: [Array],
2569 silly audit report       cvss: [Object]
2569 silly audit report     },
2569 silly audit report     {
2569 silly audit report       id: 1114200,
2569 silly audit report       url: 'https://github.com/advisories/GHSA-qffp-2rhf-9h96',
2569 silly audit report       title: 'tar has Hardlink Path Traversal via Drive-Relative Linkpath',
2569 silly audit report       severity: 'high',
2569 silly audit report       vulnerable_versions: '<=7.5.9',
2569 silly audit report       cwe: [Array],
2569 silly audit report       cvss: [Object]
2569 silly audit report     },
2569 silly audit report     {
2569 silly audit report       id: 1114302,
2569 silly audit report       url: 'https://github.com/advisories/GHSA-9ppj-qmqm-q256',
2569 silly audit report       title: 'node-tar Symlink Path Traversal via Drive-Relative Linkpath',
2569 silly audit report       severity: 'high',
2569 silly audit report       vulnerable_versions: '<=7.5.10',
2569 silly audit report       cwe: [Array],
2569 silly audit report       cvss: [Object]
2569 silly audit report     },
2569 silly audit report     {
2569 silly audit report       id: 1120782,
2569 silly audit report       url: 'https://github.com/advisories/GHSA-vmf3-w455-68vh',
2569 silly audit report       title: 'node-tar applies PAX size override to intermediary GNU long-name/long-link headers, causing tar parser interpretation differential (file smuggling)',
2569 silly audit report       severity: 'moderate',
2569 silly audit report       vulnerable_versions: '<=7.5.15',
2569 silly audit report       cwe: [Array],
2569 silly audit report       cvss: [Object]
2569 silly audit report     },
2569 silly audit report     {
2569 silly audit report       id: 1123939,
2569 silly audit report       url: 'https://github.com/advisories/GHSA-w8wr-v893-vjvp',
2569 silly audit report       title: 'node-tar: Process crash via PAX numeric path type confusion',
2569 silly audit report       severity: 'moderate',
2569 silly audit report       vulnerable_versions: '<=7.5.17',
2569 silly audit report       cwe: [Array],
2569 silly audit report       cvss: [Object]
2569 silly audit report     },
2569 silly audit report     {
2569 silly audit report       id: 1123940,
2569 silly audit report       url: 'https://github.com/advisories/GHSA-23hp-3jrh-7fpw',
2569 silly audit report       title: 'node-tar: Decompression/parse DoS via unlimited input',
2569 silly audit report       severity: 'critical',
2569 silly audit report       vulnerable_versions: '<=7.5.18',
2569 silly audit report       cwe: [Array],
2569 silly audit report       cvss: [Object]
2569 silly audit report     },
2569 silly audit report     {
2569 silly audit report       id: 1123941,
2569 silly audit report       url: 'https://github.com/advisories/GHSA-8x88-c5mf-7j5w',
2569 silly audit report       title: 'node-tar: Negative tar entry size causes infinite loop in archive replace',
2569 silly audit report       severity: 'high',
2569 silly audit report       vulnerable_versions: '<=7.5.17',
2569 silly audit report       cwe: [Array],
2569 silly audit report       cvss: [Object]
2569 silly audit report     },
2569 silly audit report     {
2569 silly audit report       id: 1123942,
2569 silly audit report       url: 'https://github.com/advisories/GHSA-gvwx-54wh-qm9j',
2569 silly audit report       title: 'node-tar: Uncaught Exception DoS via NUL byte in PAX path/linkpath records',
2569 silly audit report       severity: 'moderate',
2569 silly audit report       vulnerable_versions: '<=7.5.16',
2569 silly audit report       cwe: [Array],
2569 silly audit report       cvss: [Object]
2569 silly audit report     },
2569 silly audit report     {
2569 silly audit report       id: 1145647,
2569 silly audit report       url: 'https://github.com/advisories/GHSA-r292-9mhp-454m',
2569 silly audit report       title: 'node-tar: Uncontrolled recursion in mapHas/filesFilter allows uncatchable stack-overflow DoS via crafted long-path tar with member selection',
2569 silly audit report       severity: 'high',
2569 silly audit report       vulnerable_versions: '<=7.5.20',
2569 silly audit report       cwe: [Array],
2569 silly audit report       cvss: [Object]
2569 silly audit report     }
2569 silly audit report   ],
2569 silly audit report   '@tootallnate/once': [
2569 silly audit report     {
2569 silly audit report       id: 1119438,
2569 silly audit report       url: 'https://github.com/advisories/GHSA-vpq2-c234-7xj6',
2569 silly audit report       title: '@tootallnate/once vulnerable to Incorrect Control Flow Scoping',
2569 silly audit report       severity: 'low',
2569 silly audit report       vulnerable_versions: '<2.0.1',
2569 silly audit report       cwe: [Array],
2569 silly audit report       cvss: [Object]
2569 silly audit report     }
2569 silly audit report   ],
2569 silly audit report   'js-yaml': [
2569 silly audit report     {
2569 silly audit report       id: 1121860,
2569 silly audit report       url: 'https://github.com/advisories/GHSA-h67p-54hq-rp68',
2569 silly audit report       title: 'JS-YAML: Quadratic-complexity DoS in merge key handling via repeated aliases',
2569 silly audit report       severity: 'moderate',
2569 silly audit report       vulnerable_versions: '>=4.0.0 <=4.1.1',
2569 silly audit report       cwe: [Array],
2569 silly audit report       cvss: [Object]
2569 silly audit report     },
2569 silly audit report     {
2569 silly audit report       id: 1123911,
2569 silly audit report       url: 'https://github.com/advisories/GHSA-52cp-r559-cp3m',
2569 silly audit report       title: 'js-yaml: YAML merge-key chains can force quadratic CPU consumption',
2569 silly audit report       severity: 'high',
2569 silly audit report       vulnerable_versions: '>=4.0.0 <4.3.0',
2569 silly audit report       cwe: [Array],
2569 silly audit report       cvss: [Object]
2569 silly audit report     },
2569 silly audit report     {
2569 silly audit report       id: 1138115,
2569 silly audit report       url: 'https://github.com/advisories/GHSA-5p4m-2wfm-xmqj',
2569 silly audit report       title: 'JS-YAML: Quadratic CPU consumption in !!omap resolution (3.x and 4.x) — CVE-2026-59870 fix not backported',
2569 silly audit report       severity: 'high',
2569 silly audit report       vulnerable_versions: '>=4.0.0 <4.3.1',
2569 silly audit report       cwe: [Array],
2569 silly audit report       cvss: [Object]
2569 silly audit report     },
2569 silly audit report     {
2569 silly audit report       id: 1193727,
2569 silly audit report       url: 'https://github.com/advisories/GHSA-2883-xcg3-v3hh',
2569 silly audit report       title: 'js-yaml: maxTotalMergeKeys does not limit CPU use for empty merge sources',
2569 silly audit report       severity: 'high',
2569 silly audit report       vulnerable_versions: '>=4.0.0 <4.3.2',
2569 silly audit report       cwe: [Array],
2569 silly audit report       cvss: [Object]
2569 silly audit report     }
2569 silly audit report   ],
2569 silly audit report   minimatch: [
2569 silly audit report     {
2569 silly audit report       id: 1113466,
2569 silly audit report       url: 'https://github.com/advisories/GHSA-3ppc-4f35-3m26',
2569 silly audit report       title: 'minimatch has a ReDoS via repeated wildcards with non-matching literal in pattern',
2569 silly audit report       severity: 'high',
2569 silly audit report       vulnerable_versions: '>=10.0.0 <10.2.1',
2569 silly audit report       cwe: [Array],
2569 silly audit report       cvss: [Object]
2569 silly audit report     },
2569 silly audit report     {
2569 silly audit report       id: 1113545,
2569 silly audit report       url: 'https://github.com/advisories/GHSA-7r86-cg39-jmmj',
2569 silly audit report       title: 'minimatch has ReDoS: matchOne() combinatorial backtracking via multiple non-adjacent GLOBSTAR segments',
2569 silly audit report       severity: 'high',
2569 silly audit report       vulnerable_versions: '>=10.0.0 <10.2.3',
2569 silly audit report       cwe: [Array],
2569 silly audit report       cvss: [Object]
2569 silly audit report     },
2569 silly audit report     {
2569 silly audit report       id: 1113553,
2569 silly audit report       url: 'https://github.com/advisories/GHSA-23c5-xmqv-rm74',
2569 silly audit report       title: 'minimatch ReDoS: nested *() extglobs generate catastrophically backtracking regular expressions',
2569 silly audit report       severity: 'high',
2569 silly audit report       vulnerable_versions: '>=10.0.0 <10.2.3',
2569 silly audit report       cwe: [Array],
2569 silly audit report       cvss: [Object]
2569 silly audit report     }
2569 silly audit report   ],
2569 silly audit report   ajv: [
2569 silly audit report     {
2569 silly audit report       id: 1113715,
2569 silly audit report       url: 'https://github.com/advisories/GHSA-2g4f-4pwh-qvx6',
2569 silly audit report       title: 'ajv has ReDoS when using `$data` option',
2569 silly audit report       severity: 'moderate',
2569 silly audit report       vulnerable_versions: '>=7.0.0-alpha.0 <8.18.0',
2569 silly audit report       cwe: [Array],
2569 silly audit report       cvss: [Object]
2569 silly audit report     }
2569 silly audit report   ]
2569 silly audit report }
2570 silly packumentCache corgi:https://registry.npmjs.org/smol-toml cache-miss
2571 silly packumentCache corgi:https://registry.npmjs.org/undici cache-miss
2572 silly packumentCache corgi:https://registry.npmjs.org/path-to-regexp cache-miss
2573 silly packumentCache corgi:https://registry.npmjs.org/tar cache-miss
2574 silly packumentCache corgi:https://registry.npmjs.org/@tootallnate%2fonce cache-miss
2575 silly packumentCache corgi:https://registry.npmjs.org/js-yaml cache-miss
2576 silly packumentCache corgi:https://registry.npmjs.org/minimatch cache-miss
2577 silly packumentCache corgi:https://registry.npmjs.org/ajv cache-miss
2578 http fetch GET 200 https://registry.npmjs.org/yauzl-clone/-/yauzl-clone-1.0.4.tgz 312ms (cache miss)
2579 http fetch GET 200 https://registry.npmjs.org/os-paths/-/os-paths-4.4.0.tgz 311ms (cache miss)
2580 http fetch GET 200 https://registry.npmjs.org/concat-map/-/concat-map-0.0.1.tgz 315ms (cache miss)
2581 http fetch GET 200 https://registry.npmjs.org/balanced-match/-/balanced-match-1.0.2.tgz 320ms (cache miss)
2582 http fetch GET 200 https://registry.npmjs.org/buffer-crc32/-/buffer-crc32-0.2.13.tgz 317ms (cache miss)
2583 http fetch GET 200 https://registry.npmjs.org/fd-slicer/-/fd-slicer-1.1.0.tgz 319ms (cache miss)
2584 http fetch GET 200 https://registry.npmjs.org/brace-expansion/-/brace-expansion-1.1.21.tgz 322ms (cache miss)
2585 http fetch GET 200 https://registry.npmjs.org/xdg-portable/-/xdg-portable-7.3.0.tgz 319ms (cache miss)
2586 http fetch GET 200 https://registry.npmjs.org/pend/-/pend-1.2.0.tgz 323ms (cache miss)
2587 http fetch GET 200 https://registry.npmjs.org/events-intercept/-/events-intercept-2.0.0.tgz 326ms (cache miss)
2588 http fetch GET 200 https://registry.npmjs.org/punycode/-/punycode-2.3.1.tgz 321ms (cache miss)
2589 http fetch GET 200 https://registry.npmjs.org/resolve-pkg-maps/-/resolve-pkg-maps-1.0.0.tgz 349ms (cache miss)
2590 http fetch GET 200 https://registry.npmjs.org/webidl-conversions/-/webidl-conversions-3.0.1.tgz 355ms (cache miss)
2591 http fetch GET 200 https://registry.npmjs.org/queue-microtask/-/queue-microtask-1.2.3.tgz 356ms (cache miss)
2592 http fetch GET 200 https://registry.npmjs.org/to-regex-range/-/to-regex-range-5.0.1.tgz 358ms (cache miss)
2593 http fetch GET 200 https://registry.npmjs.org/fill-range/-/fill-range-7.1.1.tgz 359ms (cache miss)
2594 http fetch GET 200 https://registry.npmjs.org/is-glob/-/is-glob-4.0.3.tgz 357ms (cache miss)
2595 http fetch GET 200 https://registry.npmjs.org/is-extglob/-/is-extglob-2.1.1.tgz 363ms (cache miss)
2596 http fetch GET 200 https://registry.npmjs.org/reusify/-/reusify-1.1.0.tgz 363ms (cache miss)
2597 http fetch GET 200 https://registry.npmjs.org/is-number/-/is-number-7.0.0.tgz 366ms (cache miss)
2598 http fetch GET 200 https://registry.npmjs.org/get-tsconfig/-/get-tsconfig-4.14.3.tgz 370ms (cache miss)
2599 http fetch GET 200 https://registry.npmjs.org/braces/-/braces-3.0.3.tgz 370ms (cache miss)
2600 http fetch GET 200 https://registry.npmjs.org/fastq/-/fastq-1.20.3.tgz 386ms (cache miss)
2601 http fetch GET 200 https://registry.npmjs.org/merge2/-/merge2-1.4.1.tgz 387ms (cache miss)
2602 http fetch GET 200 https://registry.npmjs.org/micromatch/-/micromatch-4.0.8.tgz 389ms (cache miss)
2603 http fetch GET 200 https://registry.npmjs.org/yauzl/-/yauzl-2.10.0.tgz 403ms (cache miss)
2604 http fetch GET 200 https://registry.npmjs.org/glob-parent/-/glob-parent-5.1.2.tgz 413ms (cache miss)
2605 http fetch GET 200 https://registry.npmjs.org/path-browserify/-/path-browserify-1.0.1.tgz 414ms (cache miss)
2606 http fetch GET 200 https://registry.npmjs.org/@nodelib/fs.walk/-/fs.walk-1.2.8.tgz 422ms (cache miss)
2607 http fetch GET 200 https://registry.npmjs.org/mkdirp/-/mkdirp-1.0.4.tgz 420ms (cache miss)
2608 http fetch GET 200 https://registry.npmjs.org/@nodelib/fs.scandir/-/fs.scandir-2.1.5.tgz 425ms (cache miss)
2609 http fetch GET 200 https://registry.npmjs.org/run-parallel/-/run-parallel-1.2.0.tgz 431ms (cache miss)
2610 http fetch GET 200 https://registry.npmjs.org/isexe/-/isexe-2.0.0.tgz 445ms (cache miss)
2611 http fetch GET 200 https://registry.npmjs.org/convert-hrtime/-/convert-hrtime-3.0.0.tgz 445ms (cache miss)
2612 http fetch GET 200 https://registry.npmjs.org/code-block-writer/-/code-block-writer-10.1.1.tgz 453ms (cache miss)
2613 http fetch GET 200 https://registry.npmjs.org/tr46/-/tr46-0.0.3.tgz 465ms (cache miss)
2614 http fetch GET 200 https://registry.npmjs.org/text-decoder/-/text-decoder-1.2.7.tgz 462ms (cache miss)
2615 http fetch GET 200 https://registry.npmjs.org/events-universal/-/events-universal-1.0.1.tgz 465ms (cache miss)
2616 http fetch GET 200 https://registry.npmjs.org/@nodelib/fs.stat/-/fs.stat-2.0.5.tgz 477ms (cache miss)
2617 http fetch GET 200 https://registry.npmjs.org/bare-events/-/bare-events-2.9.2.tgz 476ms (cache miss)
2618 http fetch GET 200 https://registry.npmjs.org/yallist/-/yallist-5.0.0.tgz 480ms (cache miss)
2619 http fetch GET 200 https://registry.npmjs.org/fast-fifo/-/fast-fifo-1.3.2.tgz 481ms (cache miss)
2620 http fetch GET 200 https://registry.npmjs.org/b4a/-/b4a-1.9.0.tgz 481ms (cache miss)
2621 http fetch GET 200 https://registry.npmjs.org/streamx/-/streamx-2.28.1.tgz 493ms (cache miss)
2622 http fetch GET 200 https://registry.npmjs.org/any-promise/-/any-promise-1.3.0.tgz 493ms (cache miss)
2623 http fetch GET 200 https://registry.npmjs.org/stream-to-array/-/stream-to-array-2.3.0.tgz 507ms (cache miss)
2624 http fetch GET 200 https://registry.npmjs.org/chownr/-/chownr-3.0.0.tgz 514ms (cache miss)
2625 http fetch GET 200 https://registry.npmjs.org/tar-stream/-/tar-stream-3.1.7.tgz 515ms (cache miss)
2626 http fetch GET 200 https://registry.npmjs.org/minizlib/-/minizlib-3.1.0.tgz 525ms (cache miss)
2627 http fetch GET 200 https://registry.npmjs.org/safer-buffer/-/safer-buffer-2.1.2.tgz 547ms (cache miss)
2628 http fetch GET 200 https://registry.npmjs.org/shebang-regex/-/shebang-regex-3.0.0.tgz 551ms (cache miss)
2629 http fetch GET 200 https://registry.npmjs.org/jsonlines/-/jsonlines-0.1.1.tgz 556ms (cache miss)
2630 http fetch GET 200 https://registry.npmjs.org/toidentifier/-/toidentifier-1.0.0.tgz 555ms (cache miss)
2631 http fetch GET 200 https://registry.npmjs.org/inherits/-/inherits-2.0.4.tgz 569ms (cache miss)
2632 http fetch GET 200 https://registry.npmjs.org/statuses/-/statuses-1.5.0.tgz 570ms (cache miss)
2633 http fetch GET 200 https://registry.npmjs.org/ws/-/ws-8.21.3.tgz 580ms (cache miss)
2634 http fetch GET 200 https://registry.npmjs.org/@fastify/busboy/-/busboy-2.1.1.tgz 635ms (cache miss)
2635 http fetch GET 200 https://registry.npmjs.org/setprototypeof/-/setprototypeof-1.1.1.tgz 615ms (cache miss)
2636 http fetch GET 200 https://registry.npmjs.org/unpipe/-/unpipe-1.0.0.tgz 627ms (cache miss)
2637 http fetch GET 200 https://registry.npmjs.org/http-errors/-/http-errors-1.7.3.tgz 626ms (cache miss)
2638 http fetch GET 200 https://registry.npmjs.org/bytes/-/bytes-3.1.0.tgz 628ms (cache miss)
2639 http fetch GET 200 https://registry.npmjs.org/wrappy/-/wrappy-1.0.2.tgz 630ms (cache miss)
2640 http fetch GET 200 https://registry.npmjs.org/once/-/once-1.4.0.tgz 631ms (cache miss)
2641 http fetch GET 200 https://registry.npmjs.org/depd/-/depd-1.1.2.tgz 644ms (cache miss)
2642 http fetch GET 200 https://registry.npmjs.org/fast-glob/-/fast-glob-3.3.3.tgz 663ms (cache miss)
2643 http fetch GET 200 https://registry.npmjs.org/parse-ms/-/parse-ms-2.1.0.tgz 662ms (cache miss)
2644 http fetch GET 200 https://registry.npmjs.org/end-of-stream/-/end-of-stream-1.4.5.tgz 663ms (cache miss)
2645 http fetch GET 200 https://registry.npmjs.org/@isaacs/fs-minipass/-/fs-minipass-4.0.1.tgz 684ms (cache miss)
2646 http fetch GET 200 https://registry.npmjs.org/is-wsl/-/is-wsl-2.2.0.tgz 705ms (cache miss)
2647 http fetch GET 200 https://registry.npmjs.org/@rolldown/pluginutils/-/pluginutils-1.0.0-rc.1.tgz 739ms (cache miss)
2648 http fetch GET 200 https://registry.npmjs.org/define-lazy-prop/-/define-lazy-prop-2.0.0.tgz 740ms (cache miss)
2649 http fetch GET 200 https://registry.npmjs.org/is-docker/-/is-docker-2.2.1.tgz 763ms (cache miss)
2650 http fetch GET 200 https://registry.npmjs.org/abbrev/-/abbrev-3.0.1.tgz 765ms (cache miss)
2651 http fetch GET 200 https://registry.npmjs.org/mimic-fn/-/mimic-fn-2.1.0.tgz 766ms (cache miss)
2652 http fetch GET 200 https://registry.npmjs.org/@workflow/serde/-/serde-4.1.0-beta.2.tgz 809ms (cache miss)
2653 http fetch GET 200 https://registry.npmjs.org/iconv-lite/-/iconv-lite-0.4.24.tgz 868ms (cache miss)
2654 http fetch GET 200 https://registry.npmjs.org/@oxc-project/types/-/types-0.121.0.tgz 866ms (cache miss)
2655 http fetch GET 200 https://registry.npmjs.org/whatwg-url/-/whatwg-url-5.0.0.tgz 889ms (cache miss)
2656 http fetch GET 200 https://registry.npmjs.org/lru-cache/-/lru-cache-11.5.2.tgz 915ms (cache miss)
2657 http fetch GET 200 https://registry.npmjs.org/@vercel/sandbox/-/sandbox-3.1.0.tgz 945ms (cache miss)
2658 http fetch GET 200 https://registry.npmjs.org/raw-body/-/raw-body-2.4.1.tgz 966ms (cache miss)
2659 http fetch GET 200 https://registry.npmjs.org/mime-db/-/mime-db-1.52.0.tgz 1115ms (cache miss)
2660 http fetch GET 200 https://registry.npmjs.org/content-type/-/content-type-1.0.4.tgz 1117ms (cache miss)
2661 http fetch GET 200 https://registry.npmjs.org/arg/-/arg-4.1.0.tgz 1147ms (cache miss)
2662 http fetch GET 200 https://registry.npmjs.org/@types/json-schema/-/json-schema-7.0.15.tgz 1148ms (cache miss)
2663 http fetch GET 200 https://registry.npmjs.org/ts-toolbelt/-/ts-toolbelt-6.15.5.tgz 1286ms (cache miss)
2664 http fetch GET 200 https://registry.npmjs.org/@isaacs/balanced-match/-/balanced-match-4.0.1.tgz 1298ms (cache miss)
2665 http fetch GET 200 https://registry.npmjs.org/@isaacs/brace-expansion/-/brace-expansion-5.0.1.tgz 1298ms (cache miss)
2666 http fetch GET 200 https://registry.npmjs.org/path-scurry/-/path-scurry-2.0.2.tgz 1296ms (cache miss)
2667 http fetch GET 200 https://registry.npmjs.org/agent-base/-/agent-base-7.1.4.tgz 1401ms (cache miss)
2668 http fetch GET 200 https://registry.npmjs.org/minipass/-/minipass-7.1.3.tgz 1422ms (cache miss)
2669 http fetch GET 200 https://registry.npmjs.org/jsonfile/-/jsonfile-6.2.1.tgz 1475ms (cache miss)
2670 http fetch GET 200 https://registry.npmjs.org/universalify/-/universalify-2.0.1.tgz 1480ms (cache miss)
2671 http fetch GET 200 https://registry.npmjs.org/which/-/which-2.0.2.tgz 1483ms (cache miss)
2672 http fetch GET 200 https://registry.npmjs.org/pump/-/pump-3.0.4.tgz 1488ms (cache miss)
2673 http fetch GET 200 https://registry.npmjs.org/path-key/-/path-key-3.1.1.tgz 1513ms (cache miss)
2674 http fetch GET 200 https://registry.npmjs.org/shebang-command/-/shebang-command-2.0.0.tgz 1514ms (cache miss)
2675 http fetch GET 200 https://registry.npmjs.org/p-finally/-/p-finally-2.0.1.tgz 1514ms (cache miss)
2676 http fetch GET 200 https://registry.npmjs.org/onetime/-/onetime-5.1.2.tgz 1514ms (cache miss)
2677 http fetch GET 200 https://registry.npmjs.org/strip-final-newline/-/strip-final-newline-2.0.0.tgz 1519ms (cache miss)
2678 http fetch GET 200 https://registry.npmjs.org/argparse/-/argparse-2.0.1.tgz 1525ms (cache miss)
2679 http fetch GET 200 https://registry.npmjs.org/time-span/-/time-span-4.0.0.tgz 1604ms (cache miss)
2680 http fetch GET 200 https://registry.npmjs.org/npm-run-path/-/npm-run-path-4.0.1.tgz 1608ms (cache miss)
2681 http fetch GET 200 https://registry.npmjs.org/pretty-ms/-/pretty-ms-7.0.1.tgz 1603ms (cache miss)
2682 http fetch GET 200 https://registry.npmjs.org/human-signals/-/human-signals-1.1.1.tgz 1615ms (cache miss)
2683 http fetch GET 200 https://registry.npmjs.org/cross-spawn/-/cross-spawn-7.0.6.tgz 1628ms (cache miss)
2684 http fetch GET 200 https://registry.npmjs.org/merge-stream/-/merge-stream-2.0.0.tgz 1631ms (cache miss)
2685 http fetch GET 200 https://registry.npmjs.org/is-stream/-/is-stream-2.0.1.tgz 1825ms (cache miss)
2686 http fetch GET 200 https://registry.npmjs.org/get-stream/-/get-stream-5.2.0.tgz 1862ms (cache miss)
2687 http fetch GET 200 https://registry.npmjs.org/signal-exit/-/signal-exit-4.0.2.tgz 1967ms (cache miss)
2688 http fetch GET 200 https://registry.npmjs.org/picocolors/-/picocolors-1.0.0.tgz 2089ms (cache miss)
2689 http fetch GET 200 https://registry.npmjs.org/mri/-/mri-1.2.0.tgz 2087ms (cache miss)
2690 http fetch GET 200 https://registry.npmjs.org/file-uri-to-path/-/file-uri-to-path-1.0.0.tgz 2095ms (cache miss)
2691 http fetch GET 200 https://registry.npmjs.org/@edge-runtime/ponyfill/-/ponyfill-2.4.2.tgz 2119ms (cache miss)
2692 http fetch GET 200 https://registry.npmjs.org/@edge-runtime/format/-/format-2.2.1.tgz 2132ms (cache miss)
2693 http fetch GET 200 https://registry.npmjs.org/readdirp/-/readdirp-4.1.2.tgz 2133ms (cache miss)
2694 http fetch GET 200 https://registry.npmjs.org/retry/-/retry-0.13.1.tgz 2133ms (cache miss)
2695 http fetch GET 200 https://registry.npmjs.org/json-schema-traverse/-/json-schema-traverse-1.0.0.tgz 2190ms (cache miss)
2696 http fetch GET 200 https://registry.npmjs.org/uri-js/-/uri-js-4.4.1.tgz 2244ms (cache miss)
2697 http fetch GET 200 https://registry.npmjs.org/require-from-string/-/require-from-string-2.0.2.tgz 2323ms (cache miss)
2698 http fetch GET 200 https://registry.npmjs.org/fast-deep-equal/-/fast-deep-equal-3.1.3.tgz 2419ms (cache miss)
2699 http fetch GET 200 https://registry.npmjs.org/@oxc-parser/binding-win32-x64-msvc/-/binding-win32-x64-msvc-0.121.0.tgz 2444ms (cache miss)
2700 http fetch GET 200 https://registry.npmjs.org/oxc-parser/-/oxc-parser-0.121.0.tgz 2656ms (cache miss)
2701 http fetch GET 200 https://registry.npmjs.org/json-schema-to-ts/-/json-schema-to-ts-1.6.4.tgz 2680ms (cache miss)
2702 http fetch GET 200 https://registry.npmjs.org/@vercel/gatsby-plugin-vercel-analytics/-/gatsby-plugin-vercel-analytics-1.0.12.tgz 2943ms (cache miss)
2703 http fetch GET 200 https://registry.npmjs.org/@vercel/gatsby-plugin-vercel-builder/-/gatsby-plugin-vercel-builder-2.2.57.tgz 2951ms (cache miss)
2704 http fetch GET 200 https://registry.npmjs.org/web-vitals/-/web-vitals-0.2.4.tgz 2959ms (cache miss)
2705 http fetch GET 200 https://registry.npmjs.org/@sinclair/typebox/-/typebox-0.25.24.tgz 2985ms (cache miss)
2706 http fetch GET 200 https://registry.npmjs.org/@renovatebot/pep440/-/pep440-4.2.1.tgz 3039ms (cache miss)
2707 http fetch GET 200 https://registry.npmjs.org/minimatch/-/minimatch-10.1.1.tgz 3119ms (cache miss)
2708 http fetch GET 200 https://registry.npmjs.org/js-yaml/-/js-yaml-4.1.1.tgz 3130ms (cache miss)
2709 http fetch GET 200 https://registry.npmjs.org/undici-types/-/undici-types-5.26.5.tgz 3135ms (cache miss)
2710 http fetch GET 200 https://registry.npmjs.org/ajv/-/ajv-8.6.3.tgz 3213ms (cache miss)
2711 http fetch GET 200 https://registry.npmjs.org/mime-types/-/mime-types-2.1.35.tgz 3222ms (cache miss)
2712 http fetch GET 200 https://registry.npmjs.org/path-to-regexp/-/path-to-regexp-6.3.0.tgz 3248ms (cache miss)
2713 http fetch GET 200 https://registry.npmjs.org/@vercel/cli-exec/-/cli-exec-1.0.1.tgz 3271ms (cache miss)
2714 http fetch GET 200 https://registry.npmjs.org/@types/estree/-/estree-1.0.9.tgz 3367ms (cache miss)
2715 http fetch GET 200 https://registry.npmjs.org/etag/-/etag-1.8.1.tgz 3389ms (cache miss)
2716 http fetch GET 200 https://registry.npmjs.org/@vercel/error-utils/-/error-utils-2.2.1.tgz 3924ms (cache miss)
2717 http fetch GET 200 https://registry.npmjs.org/edge-runtime/-/edge-runtime-2.5.9.tgz 3945ms (cache miss)
2718 http fetch GET 200 https://registry.npmjs.org/@bytecodealliance/preview2-shim/-/preview2-shim-0.17.6.tgz 3954ms (cache miss)
2719 http fetch GET 200 https://registry.npmjs.org/nopt/-/nopt-8.1.0.tgz 3984ms (cache miss)
2720 http fetch GET 200 https://registry.npmjs.org/detect-libc/-/detect-libc-2.1.2.tgz 3997ms (cache miss)
2721 http fetch GET 200 https://registry.npmjs.org/@ts-morph/common/-/common-0.11.1.tgz 4058ms (cache miss)
2722 http fetch GET 200 https://registry.npmjs.org/@edge-runtime/vm/-/vm-3.2.0.tgz 4003ms (cache miss)
2723 http fetch GET 200 https://registry.npmjs.org/https-proxy-agent/-/https-proxy-agent-7.0.6.tgz 4007ms (cache miss)
2724 http fetch GET 200 https://registry.npmjs.org/@types/node/-/node-20.11.0.tgz 4221ms (cache miss)
2725 http fetch GET 200 https://registry.npmjs.org/@edge-runtime/node-utils/-/node-utils-2.3.0.tgz 4232ms (cache miss)
2726 http fetch GET 200 https://registry.npmjs.org/resolve-from/-/resolve-from-5.0.0.tgz 4545ms (cache miss)
2727 http fetch GET 200 https://registry.npmjs.org/picomatch/-/picomatch-4.0.7.tgz 4555ms (cache miss)
2728 http fetch GET 200 https://registry.npmjs.org/graceful-fs/-/graceful-fs-4.2.11.tgz 4561ms (cache miss)
2729 http fetch GET 200 https://registry.npmjs.org/node-gyp-build/-/node-gyp-build-4.8.4.tgz 4561ms (cache miss)
2730 http fetch GET 200 https://registry.npmjs.org/bindings/-/bindings-1.5.0.tgz 4568ms (cache miss)
2731 http fetch GET 200 https://registry.npmjs.org/async-sema/-/async-sema-3.1.1.tgz 4652ms (cache miss)
2732 http fetch GET 200 https://registry.npmjs.org/@edge-runtime/primitives/-/primitives-4.1.0.tgz 4781ms (cache miss)
2733 http fetch GET 200 https://registry.npmjs.org/acorn-import-attributes/-/acorn-import-attributes-1.9.5.tgz 4811ms (cache miss)
2734 http fetch GET 200 https://registry.npmjs.org/acorn/-/acorn-8.18.0.tgz 4918ms (cache miss)
2735 http fetch GET 200 https://registry.npmjs.org/uid-promise/-/uid-promise-1.0.0.tgz 5002ms (cache miss)
2736 http fetch GET 200 https://registry.npmjs.org/@rollup/pluginutils/-/pluginutils-5.4.0.tgz 5007ms (cache miss)
2737 http fetch GET 200 https://registry.npmjs.org/tree-kill/-/tree-kill-1.2.2.tgz 5009ms (cache miss)
2738 http fetch GET 200 https://registry.npmjs.org/estree-walker/-/estree-walker-2.0.2.tgz 5023ms (cache miss)
2739 http fetch GET 200 https://registry.npmjs.org/yauzl-promise/-/yauzl-promise-2.1.3.tgz 5174ms (cache miss)
2740 http fetch GET 200 https://registry.npmjs.org/glob/-/glob-13.0.6.tgz 5212ms (cache miss)
2741 http fetch GET 200 https://registry.npmjs.org/@mapbox/node-pre-gyp/-/node-pre-gyp-2.0.3.tgz 5235ms (cache miss)
2742 http fetch GET 200 https://registry.npmjs.org/stream-to-promise/-/stream-to-promise-2.2.0.tgz 5308ms (cache miss)
2743 http fetch GET 200 https://registry.npmjs.org/tinyexec/-/tinyexec-0.3.2.tgz 5310ms (cache miss)
2744 warn deprecated stream-to-promise@2.2.0: Deprecated. Use node:stream/promises and node:stream/consumers instead.
2745 http fetch GET 200 https://registry.npmjs.org/promisepipe/-/promisepipe-3.0.0.tgz 5583ms (cache miss)
2746 http fetch GET 200 https://registry.npmjs.org/consola/-/consola-3.4.2.tgz 5698ms (cache miss)
2747 http fetch GET 200 https://registry.npmjs.org/stat-mode/-/stat-mode-0.3.0.tgz 5706ms (cache miss)
2748 http fetch GET 200 https://registry.npmjs.org/@oxc-transform/binding-win32-x64-msvc/-/binding-win32-x64-msvc-0.111.0.tgz 5763ms (cache miss)
2749 http fetch GET 200 https://registry.npmjs.org/micro/-/micro-9.3.5-canary.3.tgz 5715ms (cache miss)
2750 http fetch GET 200 https://registry.npmjs.org/ms/-/ms-2.1.1.tgz 5714ms (cache miss)
2751 http fetch GET 200 https://registry.npmjs.org/node-fetch/-/node-fetch-2.6.7.tgz 5716ms (cache miss)
2752 http fetch GET 200 https://registry.npmjs.org/@tootallnate/once/-/once-2.0.0.tgz 5748ms (cache miss)
2753 http fetch GET 200 https://registry.npmjs.org/debug/-/debug-4.3.4.tgz 5752ms (cache miss)
2754 http fetch GET 200 https://registry.npmjs.org/@vercel/cervel/-/cervel-0.1.65.tgz 5758ms (cache miss)
2755 http fetch GET 200 https://registry.npmjs.org/generic-pool/-/generic-pool-3.4.2.tgz 5779ms (cache miss)
2756 http fetch GET 200 https://registry.npmjs.org/semver/-/semver-7.5.4.tgz 5794ms (cache miss)
2757 http fetch GET 200 https://registry.npmjs.org/async-listen/-/async-listen-3.0.0.tgz 5817ms (cache miss)
2758 http fetch GET 200 https://registry.npmjs.org/throttleit/-/throttleit-2.1.0.tgz 5818ms (cache miss)
2759 http fetch GET 200 https://registry.npmjs.org/open/-/open-8.4.0.tgz 5823ms (cache miss)
2760 http fetch GET 200 https://registry.npmjs.org/is-buffer/-/is-buffer-2.0.5.tgz 5836ms (cache miss)
2761 http fetch GET 200 https://registry.npmjs.org/is-node-process/-/is-node-process-1.2.0.tgz 5838ms (cache miss)
2762 http fetch GET 200 https://registry.npmjs.org/cjs-module-lexer/-/cjs-module-lexer-1.2.3.tgz 5841ms (cache miss)
2763 http fetch GET 200 https://registry.npmjs.org/@napi-rs/keyring-win32-x64-msvc/-/keyring-win32-x64-msvc-1.2.0.tgz 5920ms (cache miss)
2764 http fetch GET 200 https://registry.npmjs.org/es-module-lexer/-/es-module-lexer-1.5.0.tgz 5918ms (cache miss)
2765 http fetch GET 200 https://registry.npmjs.org/async-retry/-/async-retry-1.3.3.tgz 5966ms (cache miss)
2766 http fetch GET 200 https://registry.npmjs.org/@napi-rs/keyring/-/keyring-1.2.0.tgz 6011ms (cache miss)
2767 http fetch GET 200 https://registry.npmjs.org/tsx/-/tsx-4.21.0.tgz 6034ms (cache miss)
2768 http fetch GET 200 https://registry.npmjs.org/xdg-app-paths/-/xdg-app-paths-5.5.1.tgz 6046ms (cache miss)
2769 http fetch GET 200 https://registry.npmjs.org/path-to-regexp/-/path-to-regexp-8.3.0.tgz 6048ms (cache miss)
2770 http fetch GET 200 https://registry.npmjs.org/get-port/-/get-port-5.1.1.tgz 6049ms (cache miss)
2771 http fetch GET 200 https://registry.npmjs.org/srvx/-/srvx-0.11.16.tgz 6056ms (cache miss)
2772 http fetch GET 200 https://registry.npmjs.org/oxc-transform/-/oxc-transform-0.111.0.tgz 6060ms (cache miss)
2773 http fetch GET 200 https://registry.npmjs.org/resolve.exports/-/resolve.exports-2.0.3.tgz 6069ms (cache miss)
2774 http fetch GET 200 https://registry.npmjs.org/rolldown/-/rolldown-1.0.0-rc.1.tgz 6082ms (cache miss)
2775 http fetch GET 200 https://registry.npmjs.org/@vercel/oidc/-/oidc-3.8.7.tgz 6120ms (cache miss)
2776 http fetch GET 200 https://registry.npmjs.org/tar/-/tar-7.5.11.tgz 6126ms (cache miss)
2777 http fetch GET 200 https://registry.npmjs.org/execa/-/execa-3.2.0.tgz 6320ms (cache miss)
2778 http fetch GET 200 https://registry.npmjs.org/fs-extra/-/fs-extra-11.1.0.tgz 6397ms (cache miss)
2779 http fetch GET 200 https://registry.npmjs.org/esbuild/-/esbuild-0.27.0.tgz 6407ms (cache miss)
2780 http fetch GET 200 https://registry.npmjs.org/smol-toml/-/smol-toml-1.5.2.tgz 6419ms (cache miss)
2781 http fetch GET 200 https://registry.npmjs.org/uuid/-/uuid-14.0.1.tgz 6457ms (cache miss)
2782 http fetch GET 200 https://registry.npmjs.org/ts-morph/-/ts-morph-12.0.0.tgz 6877ms (cache miss)
2783 http fetch GET 200 https://registry.npmjs.org/@vercel/nft/-/nft-1.10.0.tgz 7043ms (cache miss)
2784 http fetch GET 200 https://registry.npmjs.org/jsonc-parser/-/jsonc-parser-3.3.1.tgz 7118ms (cache miss)
2785 http fetch GET 200 https://registry.npmjs.org/chokidar/-/chokidar-4.0.0.tgz 7564ms (cache miss)
2786 http fetch GET 200 https://registry.npmjs.org/zod/-/zod-4.1.11.tgz 7601ms (cache miss)
2787 http fetch GET 200 https://registry.npmjs.org/@vercel/static-config/-/static-config-3.4.3.tgz 7662ms (cache miss)
2788 http fetch GET 200 https://registry.npmjs.org/jose/-/jose-5.9.6.tgz 7921ms (cache miss)
2789 http fetch GET 200 https://registry.npmjs.org/undici/-/undici-5.29.0.tgz 7994ms (cache miss)
2790 http fetch GET 200 https://registry.npmjs.org/@vercel/static-build/-/static-build-10.0.1.tgz 7992ms (cache miss)
2791 http fetch GET 200 https://registry.npmjs.org/@vercel/remix-builder/-/remix-builder-13.0.1.tgz 8081ms (cache miss)
2792 http fetch GET 200 https://registry.npmjs.org/@vercel/ruby/-/ruby-10.0.1.tgz 8085ms (cache miss)
2793 http fetch GET 200 https://registry.npmjs.org/@vercel/redwood/-/redwood-10.0.1.tgz 8106ms (cache miss)
2794 http fetch GET 200 https://registry.npmjs.org/@vercel/nestjs/-/nestjs-8.0.1.tgz 8788ms (cache miss)
2795 http fetch GET 200 https://registry.npmjs.org/@vercel/prepare-flags-definitions/-/prepare-flags-definitions-0.3.0.tgz 8789ms (cache miss)
2796 http fetch GET 200 https://registry.npmjs.org/@vercel/h3/-/h3-8.0.1.tgz 8799ms (cache miss)
2797 http fetch GET 200 https://registry.npmjs.org/@vercel/hydrogen/-/hydrogen-9.0.1.tgz 8814ms (cache miss)
2798 http fetch GET 200 https://registry.npmjs.org/@vercel/node/-/node-13.0.1.tgz 8818ms (cache miss)
2799 http fetch GET 200 https://registry.npmjs.org/@vercel/koa/-/koa-8.0.1.tgz 8816ms (cache miss)
2800 http fetch GET 200 https://registry.npmjs.org/@vercel/python/-/python-14.1.0.tgz 8841ms (cache miss)
2801 http fetch GET 200 https://registry.npmjs.org/@vercel/python-analysis/-/python-analysis-0.14.0.tgz 8863ms (cache miss)
2802 http fetch GET 200 https://registry.npmjs.org/@vercel/express/-/express-8.0.1.tgz 8993ms (cache miss)
2803 http fetch GET 200 https://registry.npmjs.org/@vercel/elysia/-/elysia-8.0.1.tgz 8996ms (cache miss)
2804 http fetch GET 200 https://registry.npmjs.org/@vercel/next/-/next-12.0.1.tgz 9005ms (cache miss)
2805 http fetch GET 200 https://registry.npmjs.org/@vercel/detect-agent/-/detect-agent-1.2.5.tgz 9015ms (cache miss)
2806 http fetch GET 200 https://registry.npmjs.org/@vercel/hono/-/hono-8.0.1.tgz 9020ms (cache miss)
2807 http fetch GET 200 https://registry.npmjs.org/@vercel/fastify/-/fastify-8.0.1.tgz 9019ms (cache miss)
2808 http fetch GET 200 https://registry.npmjs.org/@vercel/container/-/container-8.1.0.tgz 9033ms (cache miss)
2809 http fetch GET 200 https://registry.npmjs.org/picomatch/-/picomatch-2.3.2.tgz 9129ms (cache miss)
2810 http fetch GET 200 https://registry.npmjs.org/@vercel/cli-config/-/cli-config-0.2.6.tgz 9146ms (cache miss)
2811 http fetch GET 200 https://registry.npmjs.org/@vercel/backends/-/backends-8.0.1.tgz 9152ms (cache miss)
2812 http fetch GET 200 https://registry.npmjs.org/ms/-/ms-2.1.3.tgz 9224ms (cache miss)
2813 http fetch GET 200 https://registry.npmjs.org/@vercel/fun/-/fun-1.3.0.tgz 9237ms (cache miss)
2814 http fetch GET 200 https://registry.npmjs.org/xdg-app-paths/-/xdg-app-paths-5.1.0.tgz 9279ms (cache miss)
2815 http fetch GET 200 https://registry.npmjs.org/minimatch/-/minimatch-3.1.5.tgz 9284ms (cache miss)
2816 http fetch GET 200 https://registry.npmjs.org/@vercel/cli-auth/-/cli-auth-0.3.7.tgz 9316ms (cache miss)
2817 http fetch GET 200 https://registry.npmjs.org/picocolors/-/picocolors-1.1.1.tgz 9360ms (cache miss)
2818 http fetch GET 200 https://registry.npmjs.org/@vercel/build-utils/-/build-utils-14.10.1.tgz 9403ms (cache miss)
2819 http fetch GET 200 https://registry.npmjs.org/sandbox/-/sandbox-4.1.0.tgz 9474ms (cache miss)
2820 http fetch GET 200 https://registry.npmjs.org/signal-exit/-/signal-exit-3.0.7.tgz 9454ms (cache miss)
2821 http fetch GET 200 https://registry.npmjs.org/balanced-match/-/balanced-match-4.0.4.tgz 9473ms (cache miss)
2822 http fetch GET 200 https://registry.npmjs.org/@vercel/blob/-/blob-2.8.0.tgz 9482ms (cache miss)
2823 http fetch GET 200 https://registry.npmjs.org/@vercel/oidc/-/oidc-3.2.0.tgz 9521ms (cache miss)
2824 http fetch GET 200 https://registry.npmjs.org/get-stream/-/get-stream-6.0.1.tgz 9558ms (cache miss)
2825 http fetch GET 200 https://registry.npmjs.org/brace-expansion/-/brace-expansion-5.0.12.tgz 9568ms (cache miss)
2826 http fetch GET 200 https://registry.npmjs.org/human-signals/-/human-signals-2.1.0.tgz 9612ms (cache miss)
2827 http fetch GET 200 https://registry.npmjs.org/async-listen/-/async-listen-3.0.1.tgz 9625ms (cache miss)
2828 http fetch GET 200 https://registry.npmjs.org/execa/-/execa-5.1.1.tgz 9629ms (cache miss)
2829 http fetch GET 200 https://registry.npmjs.org/jose/-/jose-6.2.3.tgz 9638ms (cache miss)
2830 http fetch GET 200 https://registry.npmjs.org/undici/-/undici-7.29.1.tgz 9662ms (cache miss)
2831 http fetch GET 200 https://registry.npmjs.org/ms/-/ms-2.1.2.tgz 9737ms (cache miss)
2832 http fetch GET 200 https://registry.npmjs.org/once/-/once-1.3.3.tgz 9738ms (cache miss)
2833 http fetch GET 200 https://registry.npmjs.org/ms/-/ms-2.1.3.tgz 9737ms (cache miss)
2834 http fetch GET 200 https://registry.npmjs.org/end-of-stream/-/end-of-stream-1.1.0.tgz 9738ms (cache miss)
2835 http fetch GET 200 https://registry.npmjs.org/signal-exit/-/signal-exit-3.0.7.tgz 9738ms (cache miss)
2836 http fetch GET 200 https://registry.npmjs.org/yallist/-/yallist-4.0.0.tgz 9738ms (cache miss)
2837 http fetch GET 200 https://registry.npmjs.org/lru-cache/-/lru-cache-10.4.3.tgz 9751ms (cache miss)
2838 http fetch GET 200 https://registry.npmjs.org/minimatch/-/minimatch-10.2.6.tgz 9757ms (cache miss)
2839 http fetch GET 200 https://registry.npmjs.org/signal-exit/-/signal-exit-3.0.7.tgz 9866ms (cache miss)
2840 http fetch GET 200 https://registry.npmjs.org/lru-cache/-/lru-cache-6.0.0.tgz 9871ms (cache miss)
2841 http fetch GET 200 https://registry.npmjs.org/get-stream/-/get-stream-6.0.1.tgz 9879ms (cache miss)
2842 http fetch GET 200 https://registry.npmjs.org/debug/-/debug-4.4.3.tgz 9885ms (cache miss)
2843 http fetch GET 200 https://registry.npmjs.org/semver/-/semver-6.3.1.tgz 9886ms (cache miss)
2844 http fetch GET 200 https://registry.npmjs.org/path-to-regexp/-/path-to-regexp-6.1.0.tgz 9918ms (cache miss)
2845 http fetch GET 200 https://registry.npmjs.org/human-signals/-/human-signals-2.1.0.tgz 9928ms (cache miss)
2846 http fetch GET 200 https://registry.npmjs.org/@oxc-project/types/-/types-0.110.0.tgz 10029ms (cache miss)
2847 http fetch GET 200 https://registry.npmjs.org/xdg-app-paths/-/xdg-app-paths-5.1.0.tgz 10073ms (cache miss)
2848 http fetch GET 200 https://registry.npmjs.org/execa/-/execa-5.1.1.tgz 10080ms (cache miss)
2849 http fetch GET 200 https://registry.npmjs.org/node-fetch/-/node-fetch-2.6.9.tgz 10082ms (cache miss)
2850 http fetch GET 200 https://registry.npmjs.org/path-to-regexp/-/path-to-regexp-6.1.0.tgz 10130ms (cache miss)
2851 http fetch GET 200 https://registry.npmjs.org/es-module-lexer/-/es-module-lexer-1.4.1.tgz 10149ms (cache miss)
2852 http fetch GET 200 https://registry.npmjs.org/zod/-/zod-3.22.4.tgz 10175ms (cache miss)
2853 http fetch GET 200 https://registry.npmjs.org/path-to-regexp/-/path-to-regexp-8.2.0.tgz 10177ms (cache miss)
2854 http fetch GET 200 https://registry.npmjs.org/fs-extra/-/fs-extra-11.1.1.tgz 10192ms (cache miss)
2855 http fetch GET 200 https://registry.npmjs.org/zod/-/zod-3.22.4.tgz 10311ms (cache miss)
2856 http fetch GET 200 https://registry.npmjs.org/async-listen/-/async-listen-1.2.0.tgz 10315ms (cache miss)
2857 http fetch GET 200 https://registry.npmjs.org/smol-toml 10236ms (cache miss)
2858 silly packumentCache corgi:https://registry.npmjs.org/smol-toml set size:undefined disposed:false
2859 http fetch GET 200 https://registry.npmjs.org/zod/-/zod-3.22.4.tgz 10370ms (cache miss)
2860 http fetch GET 200 https://registry.npmjs.org/undici 10266ms (cache miss)
2861 silly packumentCache corgi:https://registry.npmjs.org/undici set size:undefined disposed:false
2862 http fetch GET 200 https://registry.npmjs.org/zod/-/zod-3.22.4.tgz 10476ms (cache miss)
2863 http fetch GET 200 https://registry.npmjs.org/path-to-regexp 10361ms (cache miss)
2864 silly packumentCache corgi:https://registry.npmjs.org/path-to-regexp set size:undefined disposed:false
2865 http fetch GET 200 https://registry.npmjs.org/ajv 10412ms (cache miss)
2866 silly packumentCache corgi:https://registry.npmjs.org/ajv set size:undefined disposed:false
2867 http fetch GET 200 https://registry.npmjs.org/@tootallnate%2fonce 10452ms (cache miss)
2868 silly packumentCache corgi:https://registry.npmjs.org/@tootallnate%2fonce set size:undefined disposed:false
2869 http fetch GET 200 https://registry.npmjs.org/tar 10454ms (cache miss)
2870 silly packumentCache corgi:https://registry.npmjs.org/tar set size:undefined disposed:false
2871 http fetch GET 200 https://registry.npmjs.org/js-yaml 10468ms (cache miss)
2872 silly packumentCache corgi:https://registry.npmjs.org/js-yaml set size:undefined disposed:false
2873 http fetch GET 200 https://registry.npmjs.org/undici/-/undici-6.28.1.tgz 10625ms (cache miss)
2874 http fetch GET 200 https://registry.npmjs.org/tar/-/tar-7.5.7.tgz 10651ms (cache miss)
2875 warn deprecated tar@7.5.7: Old versions of tar are not supported, and contain widely publicized security vulnerabilities, which have been fixed in the current version. Please update. Support for old versions may be purchased (at exorbitant rates) by contacting i@izs.me
2876 http fetch GET 200 https://registry.npmjs.org/minimatch 10673ms (cache miss)
2877 silly packumentCache corgi:https://registry.npmjs.org/minimatch set size:undefined disposed:false
2878 silly packumentCache corgi:https://registry.npmjs.org/vercel cache-miss
2879 silly packumentCache corgi:https://registry.npmjs.org/@vercel%2fcontainer cache-miss
2880 silly packumentCache corgi:https://registry.npmjs.org/@vercel%2fpython-analysis cache-miss
2881 silly packumentCache corgi:https://registry.npmjs.org/@vercel%2frust cache-miss
2882 http cache https://registry.npmjs.org/vercel 23ms (cache hit)
2883 silly packumentCache corgi:https://registry.npmjs.org/vercel set size:4676488 disposed:false
2884 http fetch GET 200 https://registry.npmjs.org/luxon/-/luxon-3.7.2.tgz 10960ms (cache miss)
2885 http fetch GET 200 https://registry.npmjs.org/@vercel/rust/-/rust-9.0.1.tgz 10959ms (cache miss)
2886 http fetch GET 200 https://registry.npmjs.org/vercel/-/vercel-59.17.0.tgz 10950ms (cache miss)
2887 http fetch GET 200 https://registry.npmjs.org/@vercel%2fcontainer 123ms (cache miss)
2888 silly packumentCache corgi:https://registry.npmjs.org/@vercel%2fcontainer set size:undefined disposed:false
2889 http fetch GET 200 https://registry.npmjs.org/undici/-/undici-5.28.4.tgz 10957ms (cache miss)
2890 http fetch GET 200 https://registry.npmjs.org/@vercel%2frust 253ms (cache miss)
2891 silly packumentCache corgi:https://registry.npmjs.org/@vercel%2frust set size:undefined disposed:false
2892 http fetch GET 200 https://registry.npmjs.org/@vercel%2fpython-analysis 262ms (cache miss)
2893 silly packumentCache corgi:https://registry.npmjs.org/@vercel%2fpython-analysis set size:undefined disposed:false
2894 silly packumentCache corgi:https://registry.npmjs.org/@vercel%2fnode cache-miss
2895 http fetch GET 200 https://registry.npmjs.org/@vercel%2fnode 1082ms (cache miss)
2896 silly packumentCache corgi:https://registry.npmjs.org/@vercel%2fnode set size:undefined disposed:false
2897 silly packumentCache corgi:https://registry.npmjs.org/@vercel%2fremix-builder cache-miss
2898 http fetch GET 200 https://registry.npmjs.org/@vercel%2fremix-builder 111ms (cache miss)
2899 silly packumentCache corgi:https://registry.npmjs.org/@vercel%2fremix-builder set size:undefined disposed:false
2900 silly packumentCache corgi:https://registry.npmjs.org/@vercel%2fbackends cache-miss
2901 silly packumentCache corgi:https://registry.npmjs.org/@vercel%2fexpress cache-miss
2902 silly packumentCache corgi:https://registry.npmjs.org/@vercel%2fhono cache-miss
2903 silly packumentCache corgi:https://registry.npmjs.org/@vercel%2ffun cache-miss
2904 http fetch GET 200 https://registry.npmjs.org/@vercel%2fhono 79ms (cache miss)
2905 silly packumentCache corgi:https://registry.npmjs.org/@vercel%2fhono set size:undefined disposed:false
2906 http fetch GET 200 https://registry.npmjs.org/@vercel%2fbackends 88ms (cache miss)
2907 silly packumentCache corgi:https://registry.npmjs.org/@vercel%2fbackends set size:undefined disposed:false
2908 http fetch GET 200 https://registry.npmjs.org/@vercel%2fexpress 136ms (cache miss)
2909 silly packumentCache corgi:https://registry.npmjs.org/@vercel%2fexpress set size:undefined disposed:false
2910 http fetch GET 200 https://registry.npmjs.org/@vercel%2ffun 245ms (cache miss)
2911 silly packumentCache corgi:https://registry.npmjs.org/@vercel%2ffun set size:undefined disposed:false
2912 silly packumentCache corgi:https://registry.npmjs.org/@mapbox%2fnode-pre-gyp cache-miss
2913 http fetch GET 200 https://registry.npmjs.org/@mapbox%2fnode-pre-gyp 124ms (cache miss)
2914 silly packumentCache corgi:https://registry.npmjs.org/@mapbox%2fnode-pre-gyp set size:undefined disposed:false
2915 silly packumentCache corgi:https://registry.npmjs.org/@vercel%2fstatic-config cache-miss
2916 http fetch GET 200 https://registry.npmjs.org/@vercel%2fstatic-config 92ms (cache miss)
2917 silly packumentCache corgi:https://registry.npmjs.org/@vercel%2fstatic-config set size:undefined disposed:false
2918 silly packumentCache corgi:https://registry.npmjs.org/@vercel%2fpython cache-miss
2919 http fetch GET 200 https://registry.npmjs.org/@vercel%2fpython 139ms (cache miss)
2920 silly packumentCache corgi:https://registry.npmjs.org/@vercel%2fpython set size:undefined disposed:false
2921 silly packumentCache corgi:https://registry.npmjs.org/@vercel%2felysia cache-miss
2922 silly packumentCache corgi:https://registry.npmjs.org/@vercel%2ffastify cache-miss
2923 silly packumentCache corgi:https://registry.npmjs.org/@vercel%2fh3 cache-miss
2924 silly packumentCache corgi:https://registry.npmjs.org/@vercel%2fkoa cache-miss
2925 silly packumentCache corgi:https://registry.npmjs.org/@vercel%2fnestjs cache-miss
2926 http fetch GET 200 https://registry.npmjs.org/@vercel%2fnestjs 374ms (cache miss)
2927 silly packumentCache corgi:https://registry.npmjs.org/@vercel%2fnestjs set size:undefined disposed:false
2928 http fetch GET 200 https://registry.npmjs.org/@vercel%2fkoa 384ms (cache miss)
2929 silly packumentCache corgi:https://registry.npmjs.org/@vercel%2fkoa set size:undefined disposed:false
2930 http fetch GET 200 https://registry.npmjs.org/@vercel%2fh3 397ms (cache miss)
2931 silly packumentCache corgi:https://registry.npmjs.org/@vercel%2fh3 set size:undefined disposed:false
2932 http fetch GET 200 https://registry.npmjs.org/typescript/-/typescript-5.9.3.tgz 13675ms (cache miss)
2933 http fetch GET 200 https://registry.npmjs.org/@vercel%2felysia 574ms (cache miss)
2934 silly packumentCache corgi:https://registry.npmjs.org/@vercel%2felysia set size:undefined disposed:false
2935 http fetch GET 200 https://registry.npmjs.org/@vercel%2ffastify 580ms (cache miss)
2936 silly packumentCache corgi:https://registry.npmjs.org/@vercel%2ffastify set size:undefined disposed:false
2937 silly packumentCache corgi:https://registry.npmjs.org/@vercel%2fcervel cache-miss
2938 http fetch GET 200 https://registry.npmjs.org/@vercel%2fcervel 302ms (cache miss)
2939 silly packumentCache corgi:https://registry.npmjs.org/@vercel%2fcervel set size:undefined disposed:false
2940 silly packumentCache corgi:https://registry.npmjs.org/@vercel%2fhydrogen cache-miss
2941 silly packumentCache corgi:https://registry.npmjs.org/@vercel%2fredwood cache-miss
2942 silly packumentCache corgi:https://registry.npmjs.org/@vercel%2fstatic-build cache-miss
2943 http fetch GET 200 https://registry.npmjs.org/@esbuild/win32-x64/-/win32-x64-0.27.0.tgz 14377ms (cache miss)
2944 http fetch GET 200 https://registry.npmjs.org/@vercel%2fstatic-build 206ms (cache miss)
2945 silly packumentCache corgi:https://registry.npmjs.org/@vercel%2fstatic-build set size:undefined disposed:false
2946 http fetch GET 200 https://registry.npmjs.org/@vercel%2fhydrogen 224ms (cache miss)
2947 silly packumentCache corgi:https://registry.npmjs.org/@vercel%2fhydrogen set size:undefined disposed:false
2948 http fetch GET 200 https://registry.npmjs.org/@vercel%2fredwood 363ms (cache miss)
2949 silly packumentCache corgi:https://registry.npmjs.org/@vercel%2fredwood set size:undefined disposed:false
2950 http fetch GET 200 https://registry.npmjs.org/@vercel/go/-/go-11.0.1.tgz 15096ms (cache miss)
2951 http fetch GET 200 https://registry.npmjs.org/@rolldown/binding-win32-x64-msvc/-/binding-win32-x64-msvc-1.0.0-rc.1.tgz 15443ms (cache miss)
2952 info run esbuild@0.27.0 postinstall node_modules/esbuild node install.js
2953 info run esbuild@0.27.0 postinstall { code: 0, signal: null }
2954 verbose cwd C:\Users\Kunai\Documents\Codex\2026-09-13\i-w\outputs\merch-ensamr
2955 verbose os Windows_NT 10.0.26200
2956 verbose node v24.16.0
2957 verbose npm  v11.13.0
2958 notice
2958 notice New major version of npm available! 11.13.0 -> 12.0.2
2958 notice Changelog: https://github.com/npm/cli/releases/tag/v12.0.2
2958 notice To update run: npm install -g npm@12.0.2
2958 notice  { force: true, Symbol(proc-log.meta): true }
2959 verbose exit 0
2960 info ok
